patient_id,label,bmi_mean,body_height_mean,body_weight_mean,creatinine_mean,hdl_cholesterol_mean,heart_rate_mean,ldl_cholesterol_mean,total_cholesterol_mean,bmi_last_value,body_height_last_value,body_weight_last_value,creatinine_last_value,hdl_cholesterol_last_value,heart_rate_last_value,ldl_cholesterol_last_value,total_cholesterol_last_value,bmi_count_value,body_height_count_value,body_weight_count_value,creatinine_count_value,hdl_cholesterol_count_value,heart_rate_count_value,ldl_cholesterol_count_value,total_cholesterol_count_value,bmi_days_since_last,body_height_days_since_last,body_weight_days_since_last,creatinine_days_since_last,hdl_cholesterol_days_since_last,heart_rate_days_since_last,ldl_cholesterol_days_since_last,total_cholesterol_days_since_last,creatinine_mean_missing,hdl_cholesterol_mean_missing,ldl_cholesterol_mean_missing,total_cholesterol_mean_missing,total_labs,unique_labs
011dcab7-8543-84f8-5842-fa84972bbf25,1,29.75,186.0,102.9,15.0,55.95,72.0,140.7,200.35,29.75,186.0,102.9,15.0,55.95,72.0,140.7,200.35,1.0,1.0,1.0,1.0,1.0,1.0,1.0,1.0,6.0,6.0,6.0,6.0,6.0,6.0,6.0,6.0,0,0,0,0,8,8
019dd1e7-5307-5d8a-c04f-8693c0ebdf35,0,15.995000000000001,98.2,15.45,15.0,,79.0,,,15.57,100.0,15.6,14.0,,74.0,,,2.0,2.0,2.0,2.0,,2.0,,,139.0,139.0,139.0,139.0,,139.0,,,0,1,1,1,10,5
02aa3df1-6e90-e28f-abf3-8a5647f49707,0,22.53,185.4,77.4,16.0,,96.0,,,22.53,185.4,77.4,16.0,,96.0,,,1.0,1.0,1.0,1.0,,1.0,,,175.0,175.0,175.0,175.0,,175.0,,,0,1,1,1,6,6
02c16628-45fc-609a-fed2-bc5a582f33bd,1,29.92,173.9,90.5,12.0,63.86,90.0,138.86,204.17,29.92,173.9,90.5,12.0,63.86,90.0,138.86,204.17,1.0,1.0,1.0,1.0,1.0,1.0,1.0,1.0,300.0,300.0,300.0,300.0,300.0,300.0,300.0,300.0,0,0,0,0,9,9
043cc39f-934c-f0ad-ba8e-c6b241697203,1,27.09,178.5,86.3,15.0,,93.0,,,27.09,178.5,86.3,15.0,,93.0,,,1.0,1.0,1.0,1.0,,1.0,,,6.0,6.0,6.0,6.0,,6.0,,,0,1,1,1,6,6
0443dda5-d2b0-00ce-8afc-6453c7977eb7,0,18.66,178.0,59.1,14.0,,75.0,,,18.66,178.0,59.1,14.0,,75.0,,,1.0,1.0,1.0,1.0,,1.0,,,241.0,241.0,241.0,241.0,,241.0,,,0,1,1,1,5,5
046ae14b-9cd5-bfb1-3cc4-079cd0dc97ff,0,28.39,179.0,91.0,13.0,,64.0,,,28.39,179.0,91.0,13.0,,64.0,,,1.0,1.0,1.0,1.0,,1.0,,,6.0,6.0,6.0,6.0,,6.0,,,0,1,1,1,6,6
05a04da0-db8f-1860-8850-09fae8253b49,0,27.28,162.8,72.3,14.0,,90.0,,,27.28,162.8,72.3,14.0,,90.0,,,1.0,1.0,1.0,1.0,,1.0,,,6.0,6.0,6.0,6.0,,6.0,,,0,1,1,1,6,6
06570d6c-3c5c-7555-1e0f-c3afd337d98c,0,24.07,160.8,62.2,13.0,,63.0,,,24.07,160.8,62.2,13.0,,63.0,,,1.0,1.0,1.0,1.0,,1.0,,,273.0,273.0,273.0,273.0,,273.0,,,0,1,1,1,5,5
0681e115-0015-6200-03a2-238f512dc315,0,29.36,183.9,99.3,13.7925,31.894,75.40100000000001,175.06,196.25,29.36,183.9,99.3,14.585,31.894,67.802,175.06,196.25,1.0,1.0,1.0,2.0,1.0,2.0,1.0,1.0,286.0,286.0,286.0,63.0,285.0,63.0,285.0,285.0,0,0,0,0,11,9
0734183f-858f-df6e-78b7-5a239d3cc6db,0,22.47,175.3,69.1,13.0,,73.0,,,22.47,175.3,69.1,13.0,,73.0,,,1.0,1.0,1.0,1.0,,1.0,,,20.0,20.0,20.0,20.0,,20.0,,,0,1,1,1,5,5
0760940e-59e8-91b4-bfa9-d1174525b296,1,23.57,175.3,72.5,14.0,,65.0,,,23.57,175.3,72.5,14.0,,65.0,,,1.0,1.0,1.0,1.0,,1.0,,,6.0,6.0,6.0,6.0,,6.0,,,0,1,1,1,5,5
07e7a7e8-7f67-0804-495a-8d44884c4658,0,24.28,160.1,62.2,14.0,,77.0,,,24.28,160.1,62.2,14.0,,77.0,,,1.0,1.0,1.0,1.0,,1.0,,,20.0,20.0,20.0,20.0,,20.0,,,0,1,1,1,6,6
08c81b72-e56f-bb1b-c6b8-98a93212ebc7,0,33.0,167.9,93.0,15.0,60.64,79.0,106.65,270.77,33.0,167.9,93.0,15.0,60.64,79.0,106.65,270.77,1.0,1.0,1.0,1.0,1.0,1.0,1.0,1.0,300.0,300.0,300.0,300.0,300.0,300.0,300.0,300.0,0,0,0,0,8,8
09447adc-c8cf-3985-dc18-f4c8848da76d,0,27.9,159.2,70.7,15.0,,89.0,,,27.9,159.2,70.7,15.0,,89.0,,,1.0,1.0,1.0,1.0,,1.0,,,20.0,20.0,20.0,20.0,,20.0,,,0,1,1,1,7,7
0af6605b-faec-19f2-17f0-8244281bf08c,0,26.57,182.6,88.6,15.0,49.72,66.0,122.53,209.45,26.57,182.6,88.6,15.0,49.72,66.0,122.53,209.45,1.0,1.0,1.0,1.0,1.0,1.0,1.0,1.0,6.0,6.0,6.0,6.0,6.0,6.0,6.0,6.0,0,0,0,0,8,8
0ce28756-1222-fbc3-61a1-5765c9ddc383,0,30.22,178.5,96.3,14.0,,80.0,,,30.22,178.5,96.3,14.0,,80.0,,,1.0,1.0,1.0,1.0,,1.0,,,20.0,20.0,20.0,20.0,,20.0,,,0,1,1,1,6,6
0d5d9c85-29b2-760a-82bf-960f6c85d6d8,0,15.46,99.0,15.2,14.0,,60.0,,,15.46,99.0,15.2,14.0,,60.0,,,1.0,1.0,1.0,1.0,,1.0,,,314.0,314.0,314.0,314.0,,314.0,,,0,1,1,1,5,5
0da5eb3a-6b66-118b-1ebd-0f22424abd37,0,28.18,184.9,96.3,15.0,,76.0,,,28.18,184.9,96.3,15.0,,76.0,,,1.0,1.0,1.0,1.0,,1.0,,,230.0,230.0,230.0,230.0,,230.0,,,0,1,1,1,5,5
0e26dc37-e9a8-89bc-89ae-d25f631de68e,1,25.89,176.7,80.8,12.0,,70.0,,,25.89,176.7,80.8,12.0,,70.0,,,1.0,1.0,1.0,1.0,,1.0,,,6.0,6.0,6.0,6.0,,6.0,,,0,1,1,1,6,6
0e4fe3e6-6cca-bbdb-7fdf-fcf9b1f01f2e,0,30.4,176.3,94.5,16.0,,61.0,,,30.4,176.3,94.5,16.0,,61.0,,,1.0,1.0,1.0,1.0,,1.0,,,6.0,6.0,6.0,6.0,,6.0,,,0,1,1,1,6,6
0e92de78-fbde-ab06-919b-086ddd20ded2,0,25.65,175.4,78.9,14.0,,99.0,,,25.65,175.4,78.9,14.0,,99.0,,,1.0,1.0,1.0,1.0,,1.0,,,20.0,20.0,20.0,20.0,,20.0,,,0,1,1,1,7,7
0f104ae6-4eff-11a2-c6a9-c3052b25d455,0,27.61,159.0,69.8,14.0,,80.0,,,27.61,159.0,69.8,14.0,,80.0,,,1.0,1.0,1.0,1.0,,1.0,,,20.0,20.0,20.0,20.0,,20.0,,,0,1,1,1,6,6
10d001ba-b006-45d8-3a54-e08fbb01d167,0,30.53,158.8,77.0,15.0,,99.0,,,30.53,158.8,77.0,15.0,,99.0,,,1.0,1.0,1.0,1.0,,1.0,,,20.0,20.0,20.0,20.0,,20.0,,,0,1,1,1,6,6
118f1376-84d0-5f01-bf0f-3c24d6dd55ca,0,28.04,189.3,100.5,13.0,58.84,64.0,116.34,202.82,28.04,189.3,100.5,13.0,58.84,64.0,116.34,202.82,1.0,1.0,1.0,1.0,1.0,1.0,1.0,1.0,6.0,6.0,6.0,6.0,6.0,6.0,6.0,6.0,0,0,0,0,9,9
11e5d961-40a1-f560-c4ac-2d9c8fa378f6,0,32.11,172.9,96.0,15.0,52.86,98.0,127.16,149.93,32.11,172.9,96.0,15.0,52.86,98.0,127.16,149.93,1.0,1.0,1.0,1.0,1.0,1.0,1.0,1.0,6.0,6.0,6.0,6.0,6.0,6.0,6.0,6.0,0,0,0,0,9,9
12e43009-be93-b3bf-209e-4889da2e2dec,0,27.86,175.9,86.2,14.0,51.18,62.0,103.45,170.9,27.86,175.9,86.2,14.0,51.18,62.0,103.45,170.9,1.0,1.0,1.0,1.0,1.0,1.0,1.0,1.0,202.0,202.0,202.0,202.0,202.0,202.0,202.0,202.0,0,0,0,0,10,10
13256084-6c37-2140-51d4-b74fa706c1a0,1,23.71,157.4,58.7,13.0,,96.0,,,23.71,157.4,58.7,13.0,,96.0,,,1.0,1.0,1.0,1.0,,1.0,,,6.0,6.0,6.0,6.0,,6.0,,,0,1,1,1,7,7
1567f838-60f2-19b0-95b2-00fa61866e0d,0,21.69,168.8,61.8,15.0,,87.0,,,21.69,168.8,61.8,15.0,,87.0,,,1.0,1.0,1.0,1.0,,1.0,,,181.0,181.0,181.0,181.0,,181.0,,,0,1,1,1,7,7
15fad902-2302-a83a-c29c-0530c6f0ef2e,0,28.04,164.3,75.7,13.0,,64.0,,,28.04,164.3,75.7,13.0,,64.0,,,1.0,1.0,1.0,1.0,,1.0,,,6.0,6.0,6.0,6.0,,6.0,,,0,1,1,1,5,5
17938f7f-7ae7-2f1b-7a35-717cb12065a4,0,28.22,165.5,77.3,13.0,,85.0,,,28.22,165.5,77.3,13.0,,85.0,,,1.0,1.0,1.0,1.0,,1.0,,,20.0,20.0,20.0,20.0,,20.0,,,0,1,1,1,6,6
17a32553-cd5b-8d62-5df9-796e0dfd0a42,0,24.3,183.6,81.9,15.0,,61.0,,,24.3,183.6,81.9,15.0,,61.0,,,1.0,1.0,1.0,1.0,,1.0,,,6.0,6.0,6.0,6.0,,6.0,,,0,1,1,1,6,6
17bdf969-b114-82d7-cf51-1c030d4182f5,0,28.46,160.3,73.1,13.0,,71.0,,,28.46,160.3,73.1,13.0,,71.0,,,1.0,1.0,1.0,1.0,,1.0,,,78.0,78.0,78.0,78.0,,78.0,,,0,1,1,1,6,6
17cb3ba6-1a9d-045b-49a3-34885011f74a,1,24.03,167.3,67.3,14.0,,67.0,,,24.03,167.3,67.3,14.0,,67.0,,,1.0,1.0,1.0,1.0,,1.0,,,6.0,6.0,6.0,6.0,,6.0,,,0,1,1,1,7,7
17fb73c2-fb8e-3cac-fee8-d5adc06415c3,0,27.42,157.6,68.1,15.0,,83.0,,,27.42,157.6,68.1,15.0,,83.0,,,1.0,1.0,1.0,1.0,,1.0,,,6.0,6.0,6.0,6.0,,6.0,,,0,1,1,1,6,6
184200dc-e3c7-cf02-dd0f-371a693ca917,0,27.26,177.2,85.6,14.0,,71.0,,,27.26,177.2,85.6,14.0,,71.0,,,1.0,1.0,1.0,1.0,,1.0,,,6.0,6.0,6.0,6.0,,6.0,,,0,1,1,1,6,6
18d30851-bf45-c3c5-352c-7dfab3eca69b,0,21.73,159.3,55.1,14.0,,79.0,,,21.73,159.3,55.1,14.0,,79.0,,,1.0,1.0,1.0,1.0,,1.0,,,6.0,6.0,6.0,6.0,,6.0,,,0,1,1,1,6,6
18d39ef5-eb11-fb21-2661-e944e0be8fc3,1,35.58,175.8,110.0,13.0,,63.0,,,35.58,175.8,110.0,13.0,,63.0,,,1.0,1.0,1.0,1.0,,1.0,,,6.0,6.0,6.0,6.0,,6.0,,,0,1,1,1,6,6
1925c3d2-d7fc-1f71-6ca6-0860439aaea9,0,27.56,187.3,96.7,16.0,59.29,71.0,129.78,184.99,27.56,187.3,96.7,16.0,59.29,71.0,129.78,184.99,1.0,1.0,1.0,1.0,1.0,1.0,1.0,1.0,20.0,20.0,20.0,20.0,20.0,20.0,20.0,20.0,0,0,0,0,9,9
1a633570-d422-c491-acb4-23918b4cdee4,0,,77.9,10.850000000000001,14.0,,82.0,,,,80.5,11.4,12.0,,72.0,,,,2.0,2.0,2.0,,2.0,,,,118.0,118.0,118.0,,118.0,,,0,1,1,1,8,4
1b949a2d-7972-5ed6-d9ef-82ed96dde644,0,27.81,179.6,89.7,15.0,42.211,87.0,149.2,159.865,27.81,179.6,89.7,15.0,58.202,87.0,166.99,191.33,1.0,1.0,1.0,1.0,2.0,1.0,2.0,2.0,25.0,25.0,25.0,25.0,24.0,25.0,24.0,24.0,0,0,0,0,12,9
1bcd5039-fdda-add1-4252-57ac23f015f0,0,34.02,180.4,110.7,14.0,26.46,76.0,100.5,150.45,34.02,180.4,110.7,14.0,26.46,76.0,100.5,150.45,1.0,1.0,8.0,1.0,7.0,1.0,7.0,7.0,286.0,286.0,7.0,286.0,7.0,286.0,7.0,7.0,0,0,0,0,40,9
1c3f082a-8d8f-2b7d-536c-492f720ff21a,0,19.92,170.5,57.9,13.0,,97.0,,,19.92,170.5,57.9,13.0,,97.0,,,1.0,1.0,1.0,1.0,,1.0,,,272.0,272.0,272.0,272.0,,272.0,,,0,1,1,1,6,6
1c50521c-1f10-9b5c-7fb5-78d336d4eba6,0,30.09,152.6,70.05,12.5,48.6,67.0,101.35,178.78,30.29,152.6,70.5,12.0,48.6,66.0,101.35,178.78,2.0,2.0,2.0,2.0,1.0,2.0,1.0,1.0,20.0,20.0,20.0,20.0,20.0,20.0,20.0,20.0,0,0,0,0,13,8
1d96f52f-1e84-3c87-3e73-0f42c5bea302,0,27.43,189.3,98.3,16.0,,97.0,,,27.43,189.3,98.3,16.0,,97.0,,,1.0,1.0,1.0,1.0,,1.0,,,117.0,117.0,117.0,117.0,,117.0,,,0,1,1,1,5,5
1f0fdbf8-1167-2fe8-0179-76d0edbb0478,0,28.15,172.4,83.4,14.0,52.07,92.0,124.19,161.27,28.15,172.4,83.7,14.0,52.07,92.0,124.19,161.27,1.0,1.0,2.0,1.0,1.0,1.0,1.0,1.0,237.0,237.0,237.0,237.0,355.0,237.0,355.0,355.0,0,0,0,0,10,9
1fd9d515-4e94-90c6-ea2c-50a109e06ec4,0,21.39,153.2,50.2,12.0,,81.0,,,21.39,153.2,50.2,12.0,,81.0,,,1.0,1.0,1.0,1.0,,1.0,,,300.0,300.0,300.0,300.0,,300.0,,,0,1,1,1,6,6
201ad5c0-963b-19e4-22fa-1dc65263d8d2,0,21.08,164.3,56.9,16.0,,96.0,,,21.08,164.3,56.9,16.0,,96.0,,,1.0,1.0,1.0,1.0,,1.0,,,20.0,20.0,20.0,20.0,,20.0,,,0,1,1,1,6,6
20c8c014-8a57-d702-83a6-301d1f5ff229,0,27.9,153.2,65.5,14.0,57.14,99.0,102.17,195.72,27.9,153.2,65.5,14.0,57.14,99.0,102.17,195.72,1.0,1.0,1.0,1.0,1.0,1.0,1.0,1.0,238.0,238.0,238.0,238.0,238.0,238.0,238.0,238.0,0,0,0,0,9,9
227b597e-ac8b-f6da-41b7-6c9fe31bdd39,0,30.24,156.0,73.6,13.0,48.73,91.0,136.0,190.96,30.24,156.0,73.6,13.0,48.73,91.0,136.0,190.96,1.0,1.0,1.0,1.0,1.0,1.0,1.0,1.0,20.0,20.0,20.0,20.0,20.0,20.0,20.0,20.0,0,0,0,0,8,8
22b87bce-a326-a29f-bedc-b65e45c2fa8e,0,23.96,161.2,62.3,16.0,,73.0,,,23.96,161.2,62.3,16.0,,73.0,,,1.0,1.0,1.0,1.0,,1.0,,,359.0,359.0,359.0,359.0,,359.0,,,0,1,1,1,5,5
22cb4312-23c8-762e-ab1b-0ed1fd76e9c0,0,27.4,175.2,84.1,12.0,,74.0,,,27.4,175.2,84.1,12.0,,74.0,,,1.0,1.0,1.0,1.0,,1.0,,,23.0,23.0,23.0,23.0,,23.0,,,0,1,1,1,5,5
23fd42a2-4478-6acc-9dcd-27c17edacdcc,0,21.98,170.8,64.1,15.0,,74.0,,,21.98,170.8,64.1,15.0,,74.0,,,1.0,1.0,1.0,1.0,,1.0,,,6.0,6.0,6.0,6.0,,6.0,,,0,1,1,1,6,6
24cc60be-07a8-7504-fa85-753195870ec0,0,30.16,175.5,92.9,14.0,,94.0,,,30.16,175.5,92.9,14.0,,94.0,,,1.0,1.0,1.0,1.0,,1.0,,,20.0,20.0,20.0,20.0,,20.0,,,0,1,1,1,6,6
24df6e58-6dcf-9690-1694-f9f195efaed1,0,27.8,182.8,92.9,15.0,64.004,83.0,107.45,191.85,27.8,182.8,92.9,15.0,64.004,83.0,107.45,191.85,1.0,1.0,1.0,1.0,1.0,1.0,1.0,1.0,20.0,20.0,20.0,20.0,19.0,20.0,19.0,19.0,0,0,0,0,10,10
2537fbc2-42e4-0082-7af2-eb4b59e66f81,0,27.66,168.8,78.8,14.0,,87.0,,,27.66,168.8,78.8,14.0,,87.0,,,1.0,1.0,1.0,1.0,,1.0,,,27.0,27.0,27.0,27.0,,27.0,,,0,1,1,1,7,7
25b26121-6582-498d-469c-f5b88850d1f8,0,27.24,154.6,65.1,14.5,,80.5,,,27.24,154.6,65.1,14.0,,80.0,,,2.0,2.0,2.0,2.0,,2.0,,,50.0,50.0,50.0,50.0,,50.0,,,0,1,1,1,11,6
25c0336c-5299-55b9-e5ed-cd7c3068c4e6,0,24.82,169.5,71.3,14.0,,98.0,,,24.82,169.5,71.3,14.0,,98.0,,,1.0,1.0,1.0,1.0,,1.0,,,265.0,265.0,265.0,265.0,,265.0,,,0,1,1,1,5,5
265371ff-b049-bb6a-195c-65d4df6ef4a7,0,19.78,170.7,57.6,16.0,,87.0,,,19.78,170.7,57.6,16.0,,87.0,,,1.0,1.0,1.0,1.0,,1.0,,,6.0,6.0,6.0,6.0,,6.0,,,0,1,1,1,6,6
27941644-8228-3dc4-97f5-04aae9cb4302,0,29.28,157.6,72.7,15.0,54.42,90.0,120.56,158.25,29.28,157.6,72.7,15.0,54.42,90.0,120.56,158.25,1.0,1.0,1.0,1.0,1.0,1.0,1.0,1.0,321.0,321.0,321.0,321.0,321.0,321.0,321.0,321.0,0,0,0,0,9,9
284438b7-da66-ab09-0efc-ea997eb1951c,0,20.96,165.7,57.5,14.0,,64.0,,,20.96,165.7,57.5,14.0,,64.0,,,1.0,1.0,1.0,1.0,,1.0,,,117.0,117.0,117.0,117.0,,117.0,,,0,1,1,1,7,7
290b2045-9737-ea04-8fe9-30be20bd55dd,0,27.61,166.9,76.9,15.0,,99.0,,,27.61,166.9,76.9,15.0,,99.0,,,1.0,1.0,1.0,1.0,,1.0,,,265.0,265.0,265.0,265.0,,265.0,,,0,1,1,1,5,5
29b6edbb-e502-3313-870c-58eda8a553a0,1,27.07,168.3,76.7,14.0,,96.0,,,27.07,168.3,76.7,14.0,,96.0,,,1.0,1.0,1.0,1.0,,1.0,,,6.0,6.0,6.0,6.0,,6.0,,,0,1,1,1,6,6
2a75168a-9f26-5bdd-1e47-627910c7da50,0,30.19,152.6,70.3,14.0,,83.0,,,30.19,152.6,70.3,14.0,,83.0,,,1.0,1.0,1.0,1.0,,1.0,,,20.0,20.0,20.0,20.0,,20.0,,,0,1,1,1,6,6
2b00573c-3e6b-44c8-aafd-d35d901d6417,1,30.41,172.9,91.0,15.193,59.69,117.355,111.31,153.96,30.41,172.9,91.1,16.386,59.69,160.71,111.31,153.96,1.0,1.0,2.0,2.0,1.0,2.0,1.0,1.0,48.0,48.0,20.0,20.0,48.0,20.0,48.0,48.0,0,0,0,0,12,9
2c9c166e-c69b-d118-53d3-5883c9b1cf5b,1,28.82,163.3,76.35,25.11,,130.89499999999998,,,28.82,163.3,76.9,13.0,,71.0,,,1.0,1.0,2.0,2.0,,2.0,,,6.0,6.0,6.0,6.0,,6.0,,,0,1,1,1,8,5
2ca9fa89-2fe1-95e5-c3b8-c783a8bba114,0,24.06,160.5,62.0,14.0,,78.0,,,24.06,160.5,62.0,14.0,,78.0,,,1.0,1.0,1.0,1.0,,1.0,,,20.0,20.0,20.0,20.0,,20.0,,,0,1,1,1,6,6
2e906951-5bb6-227a-c9f7-c1476e1abc9d,0,30.52,169.7,87.9,15.0,,99.0,,,30.52,169.7,87.9,15.0,,99.0,,,1.0,1.0,1.0,1.0,,1.0,,,47.0,47.0,47.0,47.0,,47.0,,,0,1,1,1,6,6
2eebbe0a-aa61-6366-08d1-49bd5e3b577a,0,27.75,165.5,76.0,15.0,36.74,88.5,124.51,195.74,27.75,165.5,76.0,15.0,36.74,85.0,124.51,195.74,2.0,2.0,2.0,2.0,1.0,2.0,1.0,1.0,7.0,7.0,7.0,7.0,7.0,7.0,7.0,7.0,0,0,0,0,14,9
2fb14300-2998-c1f4-74a4-1a1b1e5068c2,0,27.51,176.8,86.0,15.0,,61.0,,,27.51,176.8,86.0,15.0,,61.0,,,1.0,1.0,1.0,1.0,,1.0,,,47.0,47.0,47.0,47.0,,47.0,,,0,1,1,1,6,6
303c6fde-c2df-e54e-ca74-3c76ecd5b9da,0,27.92,167.9,78.7,13.0,49.988,79.0,131.35,162.27,27.92,167.9,78.7,13.0,49.988,79.0,131.35,162.27,1.0,1.0,1.0,1.0,1.0,1.0,1.0,1.0,20.0,20.0,20.0,20.0,19.0,20.0,19.0,19.0,0,0,0,0,10,10
30874f3a-59fa-6b6f-532f-07ee38ba0035,0,22.06,153.2,51.8,16.0,,79.0,,,22.06,153.2,51.8,16.0,,79.0,,,1.0,1.0,1.0,1.0,,1.0,,,20.0,20.0,20.0,20.0,,20.0,,,0,1,1,1,6,6
31171069-39a9-92c0-96fa-0e973cb39ad2,0,20.59,174.3,62.6,16.0,,99.0,,,20.59,174.3,62.6,16.0,,99.0,,,1.0,1.0,1.0,1.0,,1.0,,,76.0,76.0,76.0,76.0,,76.0,,,0,1,1,1,5,5
32c4049b-d8c4-7a8f-8ba5-ba3502fb7890,1,29.38,159.2,74.45,13.0,,87.5,,,29.49,159.2,74.7,12.0,,78.0,,,2.0,2.0,2.0,2.0,,2.0,,,6.0,6.0,6.0,6.0,,6.0,,,0,1,1,1,10,5
33d04f23-b8e6-73c0-1d14-5590eb8c415e,1,31.23,184.5,106.3,14.0,,63.0,,,31.23,184.5,106.3,14.0,,63.0,,,1.0,1.0,1.0,1.0,,1.0,,,6.0,6.0,6.0,6.0,,6.0,,,0,1,1,1,6,6
34772625-3197-8b59-ec4a-f8c2e644ec9c,0,27.85,158.1,69.6,15.0,47.0,91.0,107.0,160.97,27.77,158.1,69.4,15.0,47.0,93.0,107.0,160.97,2.0,2.0,2.0,2.0,1.0,2.0,1.0,1.0,209.0,209.0,209.0,209.0,230.0,209.0,230.0,230.0,0,0,0,0,14,9
34c3bf6a-0a65-de11-8ddd-c5515fd6312b,0,27.64,179.6,89.1,14.0,,60.0,,,27.64,179.6,89.1,14.0,,60.0,,,1.0,1.0,1.0,1.0,,1.0,,,6.0,6.0,6.0,6.0,,6.0,,,0,1,1,1,5,5
35a1a0b6-600c-5b46-75cf-8bc8060c7601,0,30.16,169.5,86.7,14.0,54.11,83.0,118.02,173.5,30.16,169.5,86.7,14.0,54.11,83.0,118.02,173.5,1.0,1.0,1.0,1.0,1.0,1.0,1.0,1.0,195.0,195.0,195.0,195.0,195.0,195.0,195.0,195.0,0,0,0,0,9,9
3670ba35-986b-599f-ffc3-526a6a8242c3,1,30.19,173.9,91.3,14.0,,91.0,,,30.19,173.9,91.3,14.0,,91.0,,,1.0,1.0,1.0,1.0,,1.0,,,55.0,55.0,55.0,55.0,,55.0,,,0,1,1,1,7,7
371bc1e4-de11-9e5c-36c9-8e497247aec6,0,22.23,184.9,76.0,14.0,,68.0,,,22.23,184.9,76.0,14.0,,68.0,,,1.0,1.0,1.0,1.0,,1.0,,,13.0,13.0,13.0,13.0,,13.0,,,0,1,1,1,5,5
3829bbcc-ec92-2336-5194-5c162cb44868,0,21.56,169.5,62.0,15.0,,67.0,,,21.56,169.5,62.0,15.0,,67.0,,,1.0,1.0,1.0,1.0,,1.0,,,42.0,42.0,42.0,42.0,,42.0,,,0,1,1,1,6,6
3846c30b-2435-ec58-67cf-e5ff157fb950,1,28.41,177.4,89.4,13.0,48.73,83.0,108.07,122.68,28.41,177.4,89.4,13.0,48.73,83.0,108.07,122.68,1.0,1.0,1.0,1.0,1.0,1.0,1.0,1.0,216.0,216.0,216.0,216.0,216.0,216.0,216.0,216.0,0,0,0,0,8,8
386f2108-6413-dd02-2c79-f4701bd8fd4f,0,28.03,166.4,77.6,15.0,58.67,61.0,114.15,146.49,28.03,166.4,77.6,15.0,58.67,61.0,114.15,146.49,1.0,1.0,1.0,1.0,1.0,1.0,1.0,1.0,26.0,26.0,26.0,26.0,26.0,26.0,26.0,26.0,0,0,0,0,9,9
3a0f0597-5456-1d34-4c34-3a6611b2775d,1,25.38,168.8,72.3,15.0,,84.0,,,25.38,168.8,72.3,15.0,,84.0,,,1.0,1.0,1.0,1.0,,1.0,,,48.0,48.0,48.0,48.0,,48.0,,,0,1,1,1,5,5
3a31573f-ac87-4953-9aa7-c2cd71a2d471,0,28.39,160.7,73.3,14.0,,82.0,,,28.39,160.7,73.3,14.0,,82.0,,,1.0,1.0,1.0,1.0,,1.0,,,2.0,2.0,2.0,2.0,,2.0,,,0,1,1,1,6,6
3a999d8f-09e9-b4f2-803d-f2e4de37dfd0,0,28.84,174.7,88.0,16.0,53.09,71.0,129.03,210.43,28.84,174.7,88.0,16.0,53.09,71.0,129.03,210.43,1.0,1.0,1.0,1.0,1.0,1.0,1.0,1.0,223.0,223.0,223.0,223.0,223.0,223.0,223.0,223.0,0,0,0,0,10,10
3c619e1b-b008-d66e-1c1a-1aff8bfb533a,0,30.59,156.9,75.3,14.0,,100.0,,,30.59,156.9,75.3,14.0,,100.0,,,1.0,1.0,1.0,1.0,,1.0,,,247.0,247.0,247.0,247.0,,247.0,,,0,1,1,1,7,7
3c84975a-ece6-f46c-b838-d3ef5e7074a9,0,27.58,159.2,69.9,12.0,52.99,66.0,133.3,154.72,27.58,159.2,69.9,12.0,52.99,66.0,133.3,154.72,1.0,1.0,1.0,1.0,1.0,1.0,1.0,1.0,111.0,111.0,111.0,111.0,111.0,111.0,111.0,111.0,0,0,0,0,9,9
3cfbf241-2c49-dba0-5b56-59f420be9a92,0,29.94,156.0,72.9,14.0,,61.0,,,29.94,156.0,72.9,14.0,,61.0,,,1.0,1.0,1.0,1.0,,1.0,,,347.0,347.0,347.0,347.0,,347.0,,,0,1,1,1,6,6
3e6c8d3a-c480-d3dd-0f8d-72e67e05c2b8,0,30.11,163.0,80.0,14.0,,65.0,,,30.11,163.0,80.0,14.0,,65.0,,,1.0,1.0,1.0,1.0,,1.0,,,70.0,70.0,70.0,70.0,,70.0,,,0,1,1,1,5,5
3ec9e9b3-e0aa-e214-3d96-cf9f1e51cb63,0,25.95,148.1,57.0,15.0,,86.0,,,25.95,148.1,57.0,15.0,,86.0,,,1.0,1.0,1.0,1.0,,1.0,,,6.0,6.0,6.0,6.0,,6.0,,,0,1,1,1,5,5
3ed9dd98-18cf-9cd8-1179-54b9fee5b9f8,1,28.31,182.8,94.6,15.0,,97.0,,,28.31,182.8,94.6,15.0,,97.0,,,1.0,1.0,1.0,1.0,,1.0,,,6.0,6.0,6.0,6.0,,6.0,,,0,1,1,1,6,6
40279013-cbf2-4770-b10d-4091aed00dff,1,23.73,159.7,60.5,13.0,,92.0,,,23.73,159.7,60.5,13.0,,92.0,,,1.0,1.0,1.0,1.0,,1.0,,,6.0,6.0,6.0,6.0,,6.0,,,0,1,1,1,7,7
41055079-9956-7ea0-affa-866cdb0b2598,0,29.36,174.8,89.7,15.0,,65.0,,,29.36,174.8,89.7,15.0,,65.0,,,1.0,1.0,1.0,1.0,,1.0,,,6.0,6.0,6.0,6.0,,6.0,,,0,1,1,1,5,5
415c0fe7-a47b-09bb-667c-48b3fcdfbaa5,0,30.51,160.8,78.9,15.0,,90.0,,,30.51,160.8,78.9,15.0,,90.0,,,1.0,1.0,1.0,1.0,,1.0,,,223.0,223.0,223.0,223.0,,223.0,,,0,1,1,1,6,6
41f02eec-7261-af46-b9e3-8a5a1bd9c5c8,0,28.47,169.7,82.0,12.0,,62.0,,,28.47,169.7,82.0,12.0,,62.0,,,1.0,1.0,1.0,1.0,,1.0,,,6.0,6.0,6.0,6.0,,6.0,,,0,1,1,1,5,5
431ca652-78c8-b476-7e51-36e9d7efb774,0,30.39,176.8,95.0,14.0,,87.0,,,30.39,176.8,95.0,14.0,,87.0,,,1.0,1.0,1.0,1.0,,1.0,,,363.0,363.0,363.0,363.0,,363.0,,,0,1,1,1,5,5
43473b22-2f2e-fe48-6667-b6a8472be3bf,0,27.65,169.0,79.0,14.0,58.56,78.0,148.53,161.68,27.65,169.0,79.0,14.0,58.56,78.0,148.53,161.68,1.0,1.0,1.0,1.0,1.0,1.0,1.0,1.0,39.0,39.0,39.0,39.0,39.0,39.0,39.0,39.0,0,0,0,0,8,8
435c531c-1b88-5525-80f2-d5cb2a3f1b93,0,27.33,172.7,81.5,13.0,,79.0,,,27.33,172.7,81.5,13.0,,79.0,,,1.0,1.0,1.0,1.0,,1.0,,,6.0,6.0,6.0,6.0,,6.0,,,0,1,1,1,5,5
45e20137-4173-a7a9-0fb4-e29029dabfad,0,30.47,160.5,78.5,14.0,,64.0,,,30.47,160.5,78.5,14.0,,64.0,,,1.0,1.0,1.0,1.0,,1.0,,,41.0,41.0,41.0,41.0,,41.0,,,0,1,1,1,5,5
45eedb23-9c90-9423-e6b0-72bbe6e971a4,0,30.56,165.5,83.7,13.0,,89.0,,,30.56,165.5,83.7,13.0,,89.0,,,1.0,1.0,1.0,1.0,,1.0,,,173.0,173.0,173.0,173.0,,173.0,,,0,1,1,1,5,5
464deadc-8d3f-1e4f-10e9-62ac97e28680,0,30.22,168.1,85.4,15.0,,72.0,,,30.22,168.1,85.4,15.0,,72.0,,,1.0,1.0,1.0,1.0,,1.0,,,146.0,146.0,146.0,146.0,,146.0,,,0,1,1,1,7,7
46a144f3-e3b1-d92e-0239-00fe03dd8aca,0,14.985,103.65,16.1,13.0,,72.0,,,14.9,105.6,16.6,13.0,,79.0,,,2.0,2.0,2.0,2.0,,2.0,,,146.0,146.0,146.0,146.0,,146.0,,,0,1,1,1,10,5
46accb1d-7501-7385-0344-8386565d06e9,0,26.77,171.9,79.1,16.0,,67.0,,,26.77,171.9,79.1,16.0,,67.0,,,1.0,1.0,1.0,1.0,,1.0,,,20.0,20.0,20.0,20.0,,20.0,,,0,1,1,1,5,5
478ee061-3c74-b5e0-27de-ea7d52bfcbc5,0,30.4,170.6,88.5,13.0,,74.0,,,30.4,170.6,88.5,13.0,,74.0,,,1.0,1.0,1.0,1.0,,1.0,,,20.0,20.0,20.0,20.0,,20.0,,,0,1,1,1,6,6
48735629-b73e-d236-e271-0aa4552df190,0,24.06,160.2,61.7,13.0,,67.0,,,24.06,160.2,61.7,13.0,,67.0,,,1.0,1.0,1.0,1.0,,1.0,,,285.0,285.0,285.0,285.0,,285.0,,,0,1,1,1,6,6
49325137-a012-6d20-79e1-398c44bbfaa2,0,28.08,174.5,85.5,13.0,,99.0,,,28.08,174.5,85.5,13.0,,99.0,,,1.0,1.0,1.0,1.0,,1.0,,,6.0,6.0,6.0,6.0,,6.0,,,0,1,1,1,6,6
49d1d29a-3e27-9d9f-7d75-0e4ee526f27a,0,24.83,169.7,71.5,14.0,45.58,80.0,138.74,156.9,24.83,169.7,71.5,14.0,45.58,80.0,138.74,156.9,1.0,1.0,1.0,1.0,1.0,1.0,1.0,1.0,126.0,126.0,126.0,126.0,126.0,126.0,126.0,126.0,0,0,0,0,10,10
4a39e78e-3fa2-6e54-9f9f-7958d85bbd11,0,27.35,170.6,79.6,13.0,,91.0,,,27.35,170.6,79.6,13.0,,91.0,,,1.0,1.0,1.0,1.0,,1.0,,,107.0,107.0,107.0,107.0,,107.0,,,0,1,1,1,7,7
4b207954-f188-0a4c-8b25-decd92b27b46,0,30.31,172.4,90.1,16.0,55.84,72.0,139.09,145.12,30.31,172.4,90.1,16.0,55.84,72.0,139.09,145.12,1.0,1.0,1.0,1.0,1.0,1.0,1.0,1.0,20.0,20.0,20.0,20.0,20.0,20.0,20.0,20.0,0,0,0,0,9,9
4b85e74e-5b01-6154-d1f4-635db05b36b0,0,21.12,167.0,58.9,13.0,,95.0,,,21.12,167.0,58.9,13.0,,95.0,,,1.0,1.0,1.0,1.0,,1.0,,,20.0,20.0,20.0,20.0,,20.0,,,0,1,1,1,6,6
4be5fd98-d3b1-3b18-c865-5d7cd0016661,0,30.36,173.9,91.8,15.0,,68.0,,,30.36,173.9,91.8,15.0,,68.0,,,1.0,1.0,1.0,1.0,,1.0,,,20.0,20.0,20.0,20.0,,20.0,,,0,1,1,1,5,5
4bedccf9-91fe-043e-6e60-01ea8491ae8b,0,27.43,191.4,100.5,16.0,29.51,63.0,143.23,135.48,27.43,191.4,100.5,16.0,29.51,63.0,143.23,135.48,1.0,1.0,1.0,1.0,1.0,1.0,1.0,1.0,153.0,153.0,153.0,153.0,153.0,153.0,153.0,153.0,0,0,0,0,9,9
4d87e784-1180-ff1e-1a56-1f2d5f7acb69,0,27.84,178.3,88.5,13.0,,89.0,,,27.84,178.3,88.5,13.0,,89.0,,,1.0,1.0,1.0,1.0,,1.0,,,6.0,6.0,6.0,6.0,,6.0,,,0,1,1,1,7,7
4e94a4ca-8f3c-cb29-3e37-a6f37bd81e62,0,30.155,184.9,103.1,14.0,,95.5,,,30.16,184.9,103.1,15.0,,93.0,,,2.0,2.0,2.0,2.0,,2.0,,,13.0,13.0,13.0,13.0,,13.0,,,0,1,1,1,21,7
4f25dc76-741d-0251-172e-9ce9413ed8c0,0,30.05,174.5,91.5,13.0,,72.0,,,30.05,174.5,91.5,13.0,,72.0,,,1.0,1.0,1.0,1.0,,1.0,,,48.0,48.0,48.0,48.0,,48.0,,,0,1,1,1,7,7
4f9a3565-ba02-b94e-5ca4-6bd3fb8d0077,0,28.29,170.0,82.25,16.0,23.97,89.0,108.34999999999998,187.88,28.29,170.0,82.4,16.0,23.97,89.0,108.35,187.88,1.0,1.0,4.0,1.0,3.0,1.0,3.0,3.0,342.0,342.0,122.0,342.0,122.0,342.0,122.0,122.0,0,0,0,0,21,10
4faa6041-6cca-e1e7-f7c5-16976ec45f7a,0,30.85,161.8,80.8,16.0,,66.0,,,30.85,161.8,80.8,16.0,,66.0,,,1.0,1.0,1.0,1.0,,1.0,,,215.0,215.0,215.0,215.0,,215.0,,,0,1,1,1,5,5
5075b9c5-c16e-4735-0af5-735addae403b,0,26.58,180.2,86.3,13.0,,76.0,,,26.58,180.2,86.3,13.0,,76.0,,,1.0,1.0,1.0,1.0,,1.0,,,336.0,336.0,336.0,336.0,,336.0,,,0,1,1,1,5,5
509a2ade-65f8-09d8-7c9d-8162d12f633f,0,27.33,173.1,81.9,15.0,,100.0,,,27.33,173.1,81.9,15.0,,100.0,,,1.0,1.0,1.0,1.0,,1.0,,,27.0,27.0,27.0,27.0,,27.0,,,0,1,1,1,6,6
50ef6eb1-ed33-d7b0-515b-b07592da1076,0,27.84,169.8,80.3,12.0,,88.0,,,27.84,169.8,80.3,12.0,,88.0,,,1.0,1.0,1.0,1.0,,1.0,,,6.0,6.0,6.0,6.0,,6.0,,,0,1,1,1,5,5
518fb696-a039-5bf0-1cc8-f668ff004d33,0,27.37,175.2,84.0,13.0,,68.0,,,27.37,175.2,84.0,13.0,,68.0,,,1.0,1.0,1.0,1.0,,1.0,,,49.0,49.0,49.0,49.0,,49.0,,,0,1,1,1,6,6
51e69198-0fa3-a9dc-8fe1-6a21e9b93188,0,27.89,164.3,75.3,13.0,,99.0,,,27.89,164.3,75.3,13.0,,99.0,,,1.0,1.0,1.0,1.0,,1.0,,,20.0,20.0,20.0,20.0,,20.0,,,0,1,1,1,6,6
51f3b80d-f564-17b5-275b-afb6a43b4ad8,0,27.79,165.7,76.3,14.0,56.33,66.0,100.07,154.83,27.79,165.7,76.3,14.0,56.33,66.0,100.07,154.83,1.0,1.0,1.0,1.0,1.0,1.0,1.0,1.0,34.0,34.0,34.0,34.0,34.0,34.0,34.0,34.0,0,0,0,0,9,9
532e133e-a14b-42e1-e3f7-398064e5cd4b,0,29.48,180.8,96.4,12.0,63.77,99.0,138.56,180.96,29.48,180.8,96.4,12.0,63.77,99.0,138.56,180.96,1.0,1.0,1.0,1.0,1.0,1.0,1.0,1.0,20.0,20.0,20.0,20.0,20.0,20.0,20.0,20.0,0,0,0,0,8,8
537c3390-0331-b647-ed4c-ef9e5e4d8b91,0,19.67,161.6,51.4,16.0,,96.0,,,19.67,161.6,51.4,16.0,,96.0,,,1.0,1.0,1.0,1.0,,1.0,,,268.0,268.0,268.0,268.0,,268.0,,,0,1,1,1,6,6
54c13fa8-2016-6c9c-771c-59d02d580573,0,28.21,175.5,86.9,14.0,,70.0,,,28.21,175.5,86.9,14.0,,70.0,,,1.0,1.0,1.0,1.0,,1.0,,,195.0,195.0,195.0,195.0,,195.0,,,0,1,1,1,6,6
553fc88f-ee1c-180d-44ad-aeb54de35bb1,0,27.23,166.4,75.4,14.0,,82.0,,,27.23,166.4,75.4,14.0,,82.0,,,1.0,1.0,1.0,1.0,,1.0,,,36.0,36.0,36.0,36.0,,36.0,,,0,1,1,1,5,5
565bdf6c-a878-324a-f378-bd79de131947,0,27.22,167.3,76.2,16.0,,71.0,,,27.22,167.3,76.2,16.0,,71.0,,,1.0,1.0,1.0,1.0,,1.0,,,43.0,43.0,43.0,43.0,,43.0,,,0,1,1,1,5,5
56f5d317-7085-72b8-c066-5335278bdb9d,1,25.4,164.2,68.5,14.0,,72.0,,,25.4,164.2,68.5,14.0,,72.0,,,1.0,1.0,1.0,1.0,,1.0,,,6.0,6.0,6.0,6.0,,6.0,,,0,1,1,1,6,6
5770587f-019d-73e2-eeeb-271d6d94976c,0,28.06,179.2,90.1,16.0,53.94,75.0,117.96,169.18,28.06,179.2,90.1,16.0,53.94,75.0,117.96,169.18,1.0,1.0,1.0,1.0,1.0,1.0,1.0,1.0,108.0,108.0,108.0,108.0,108.0,108.0,108.0,108.0,0,0,0,0,9,9
588795ca-416a-2ef7-15fe-f089dc60275c,0,30.14,170.3,87.4,13.0,,99.0,,,30.14,170.3,87.4,13.0,,99.0,,,1.0,1.0,1.0,1.0,,1.0,,,6.0,6.0,6.0,6.0,,6.0,,,0,1,1,1,7,7
59947e59-ff38-8bed-5bf0-512af85a9083,0,27.16,180.4,88.4,14.0,49.1515,65.0,141.115,168.465,27.16,180.4,88.4,14.0,53.123,65.0,161.45,186.33,1.0,1.0,1.0,1.0,2.0,1.0,2.0,2.0,20.0,20.0,20.0,20.0,13.0,20.0,13.0,13.0,0,0,0,0,12,9
5caf0f19-01e7-6a62-087c-c5e34fdd882c,0,27.69,179.9,89.6,13.0,,82.0,,,27.69,179.9,89.6,13.0,,82.0,,,1.0,1.0,1.0,1.0,,1.0,,,51.0,51.0,51.0,51.0,,51.0,,,0,1,1,1,6,6
5d03dc86-1dc7-8148-8bd5-79b9c035d117,1,28.91,172.9,86.4,13.0,,95.0,,,28.91,172.9,86.4,13.0,,95.0,,,1.0,1.0,1.0,1.0,,1.0,,,6.0,6.0,6.0,6.0,,6.0,,,0,1,1,1,6,6
5db31869-64bd-70c4-6899-5507c3cb6ae1,0,28.19,156.0,68.6,15.0,56.56,89.0,130.24,178.52,28.19,156.0,68.6,15.0,56.56,89.0,130.24,178.52,1.0,1.0,1.0,1.0,1.0,1.0,1.0,1.0,97.0,97.0,97.0,97.0,97.0,97.0,97.0,97.0,0,0,0,0,8,8
5ead612c-ed1b-839f-4717-d2e025cebc01,0,24.185000000000002,167.05,67.55,13.0,,81.5,,,24.26,167.1,67.8,14.0,,79.0,,,2.0,2.0,2.0,2.0,,2.0,,,70.0,70.0,70.0,70.0,,70.0,,,0,1,1,1,11,6
5eea4d49-5749-1a65-7c2a-07bc989da12e,0,22.186666666666667,180.86666666666667,72.60000000000001,14.0,,83.0,,,22.18,181.0,72.7,14.0,,90.0,,,3.0,3.0,3.0,3.0,,3.0,,,6.0,6.0,6.0,6.0,,6.0,,,0,1,1,1,17,6
60c6a3d5-8dd4-5381-da75-c91af750f72d,0,24.71,162.8,65.5,13.0,,79.0,,,24.71,162.8,65.5,13.0,,79.0,,,1.0,1.0,1.0,1.0,,1.0,,,290.0,290.0,290.0,290.0,,290.0,,,0,1,1,1,6,6
60d067a7-6ae6-0636-f80f-247d3b25d229,0,27.67,165.3,75.6,13.0,54.4815,92.0,132.58499999999998,195.24,27.67,165.3,75.6,13.0,52.483,92.0,131.03,197.31,1.0,1.0,1.0,1.0,2.0,1.0,2.0,2.0,213.0,213.0,213.0,213.0,206.0,213.0,206.0,206.0,0,0,0,0,13,10
60fb976e-fcc7-0f7c-390b-bf00a0077560,0,28.83,163.3,76.9,14.0,,87.0,,,28.83,163.3,76.9,14.0,,87.0,,,1.0,1.0,1.0,1.0,,1.0,,,20.0,20.0,20.0,20.0,,20.0,,,0,1,1,1,5,5
6155ba3a-73f3-bac2-db6c-d8d2846fb679,0,19.18,163.9,51.5,15.0,,79.0,,,19.18,163.9,51.5,15.0,,79.0,,,1.0,1.0,1.0,1.0,,1.0,,,20.0,20.0,20.0,20.0,,20.0,,,0,1,1,1,5,5
61a4abc9-60f4-27c1-9891-4094e20c079b,0,27.16,174.6,82.8,15.0,,68.0,,,27.16,174.6,82.8,15.0,,68.0,,,1.0,1.0,1.0,1.0,,1.0,,,6.0,6.0,6.0,6.0,,6.0,,,0,1,1,1,7,7
62004e43-7b1e-708e-71b7-9758b2911192,0,28.4,183.9,96.1,12.0,,92.0,,,28.4,183.9,96.1,12.0,,92.0,,,1.0,1.0,1.0,1.0,,1.0,,,227.0,227.0,227.0,227.0,,227.0,,,0,1,1,1,6,6
6248b4a8-b7a3-0d59-bd96-55c53c3074a9,0,29.46,164.1,79.3,15.0,71.407,77.0,168.37,181.54,29.46,164.1,79.3,15.0,71.407,77.0,168.37,181.54,1.0,1.0,1.0,1.0,1.0,1.0,1.0,1.0,20.0,20.0,20.0,20.0,19.0,20.0,19.0,19.0,0,0,0,0,9,9
64346a92-56a9-74b5-6b8a-16def58085c3,0,22.85,175.0,70.0,13.0,,79.0,,,22.85,175.0,70.0,13.0,,79.0,,,1.0,1.0,1.0,1.0,,1.0,,,6.0,6.0,6.0,6.0,,6.0,,,0,1,1,1,5,5
646538bf-7abc-9eb7-91bb-f3d2d0ec7f2b,0,27.83,175.8,86.0,13.0,,72.0,,,27.83,175.8,86.0,13.0,,72.0,,,1.0,1.0,1.0,1.0,,1.0,,,6.0,6.0,6.0,6.0,,6.0,,,0,1,1,1,6,6
64673436-ba00-f803-ecc3-d7f097fc6bde,0,29.2,163.7,78.2,14.0,,70.0,,,29.2,163.7,78.2,14.0,,70.0,,,1.0,1.0,1.0,1.0,,1.0,,,104.0,104.0,104.0,104.0,,104.0,,,0,1,1,1,5,5
64ee09a4-925d-cf74-7458-2a85bef99ea7,0,27.79,185.2,95.3,13.0,41.936,91.0,179.66,198.96,27.79,185.2,95.3,13.0,41.936,91.0,179.66,198.96,1.0,1.0,1.0,1.0,1.0,1.0,1.0,1.0,20.0,20.0,20.0,20.0,11.0,20.0,11.0,11.0,0,0,0,0,10,10
677584f8-1ae9-0db8-250a-f36828550d3a,0,25.25,186.8,88.1,15.0,,97.0,,,25.25,186.8,88.1,15.0,,97.0,,,1.0,1.0,1.0,1.0,,1.0,,,6.0,6.0,6.0,6.0,,6.0,,,0,1,1,1,6,6
67ce51fc-efae-3c22-d996-d6c5230d5256,0,27.89,158.3,69.9,16.0,,77.0,,,27.89,158.3,69.9,16.0,,77.0,,,1.0,1.0,1.0,1.0,,1.0,,,300.0,300.0,300.0,300.0,,300.0,,,0,1,1,1,6,6
67ebbb60-4b0e-b62d-a66c-d127af18a968,0,22.18,175.9,68.6,15.0,,97.0,,,22.18,175.9,68.6,15.0,,97.0,,,1.0,1.0,1.0,1.0,,1.0,,,20.0,20.0,20.0,20.0,,20.0,,,0,1,1,1,5,5
684c7a55-863f-c5a7-2077-5feaad781b90,0,27.45,183.1,92.0,14.0,,95.0,,,27.45,183.1,92.0,14.0,,95.0,,,1.0,1.0,1.0,1.0,,1.0,,,27.0,27.0,27.0,27.0,,27.0,,,0,1,1,1,5,5
687ee31f-4a5d-8ddf-f6f1-33163e8ca649,1,26.48,163.5,70.8,14.0,,79.0,,,26.48,163.5,70.8,14.0,,79.0,,,1.0,1.0,1.0,1.0,,1.0,,,342.0,342.0,342.0,342.0,,342.0,,,0,1,1,1,6,6
688f7710-b7a5-355f-ee96-8dbdc845cf8c,1,29.85,158.5,75.0,16.0,,64.0,,,29.85,158.5,75.0,16.0,,64.0,,,1.0,1.0,1.0,1.0,,1.0,,,6.0,6.0,6.0,6.0,,6.0,,,0,1,1,1,6,6
68ec478f-cbc3-80fd-ca4a-ee8248020aca,0,27.59,164.6,74.7,14.0,,88.0,,,27.59,164.6,74.7,14.0,,88.0,,,1.0,1.0,1.0,1.0,,1.0,,,20.0,20.0,20.0,20.0,,20.0,,,0,1,1,1,5,5
68edfb26-a24a-c840-1c0a-4b2de2c15d0e,0,30.59,166.2,84.5,15.0,51.03,63.0,104.31,215.54,30.59,166.2,84.5,15.0,51.03,63.0,104.31,215.54,1.0,1.0,1.0,1.0,1.0,1.0,1.0,1.0,6.0,6.0,6.0,6.0,6.0,6.0,6.0,6.0,0,0,0,0,10,10
69a55110-472f-cd98-34a8-41d6f17bc18d,0,30.57,172.9,91.4,12.0,,86.0,,,30.57,172.9,91.4,12.0,,86.0,,,1.0,1.0,1.0,1.0,,1.0,,,245.0,245.0,245.0,245.0,,245.0,,,0,1,1,1,5,5
69e1b429-dbef-73a6-c301-dbe6119095af,0,25.130000000000003,162.1,66.05,13.5,,74.0,,,25.35,162.1,66.6,13.0,,82.0,,,2.0,2.0,2.0,2.0,,2.0,,,6.0,6.0,6.0,6.0,,6.0,,,0,1,1,1,10,5
6a167ab3-ebe6-dc1f-2305-fa7af345b944,1,26.43,162.4,69.7,14.0,,88.0,,,26.43,162.4,69.7,14.0,,88.0,,,1.0,1.0,1.0,1.0,,1.0,,,6.0,6.0,6.0,6.0,,6.0,,,0,1,1,1,5,5
6c273dcf-3eaa-d6bb-7130-89d5914efdd0,0,34.35,165.7,94.3,15.0,49.91,73.0,102.15,178.49,34.35,165.7,94.3,15.0,49.91,73.0,102.15,178.49,1.0,1.0,1.0,1.0,1.0,1.0,1.0,1.0,212.0,212.0,212.0,212.0,212.0,212.0,212.0,212.0,0,0,0,0,10,10
6d2d7af6-68a5-8036-798b-8ee292775d01,0,25.31,158.8,63.8,16.0,,71.0,,,25.31,158.8,63.8,16.0,,71.0,,,1.0,1.0,1.0,1.0,,1.0,,,279.0,279.0,279.0,279.0,,279.0,,,0,1,1,1,6,6
6d712427-fa5d-b098-5342-802d39454413,0,27.41,171.6,80.7,13.0,,96.0,,,27.41,171.6,80.7,13.0,,96.0,,,1.0,1.0,1.0,1.0,,1.0,,,286.0,286.0,286.0,286.0,,286.0,,,0,1,1,1,5,5
6d9d8150-adac-01a2-050b-7290e5db52ef,0,24.92,169.0,71.2,13.0,,81.0,,,24.92,169.0,71.2,13.0,,81.0,,,1.0,1.0,1.0,1.0,,1.0,,,6.0,6.0,6.0,6.0,,6.0,,,0,1,1,1,5,5
6eb10bfd-4d70-a5fc-3229-db4de5a54169,0,32.42,170.9,94.7,16.0,,74.0,,,32.42,170.9,94.7,16.0,,74.0,,,1.0,1.0,1.0,1.0,,1.0,,,151.0,151.0,151.0,151.0,,151.0,,,0,1,1,1,5,5
6fbe29ec-8726-754f-08f4-817162a5f0a4,1,29.17,170.3,84.6,14.0,,94.0,,,29.17,170.3,84.6,14.0,,94.0,,,1.0,1.0,1.0,1.0,,1.0,,,6.0,6.0,6.0,6.0,,6.0,,,0,1,1,1,6,6
70f9b25f-5960-b84a-5814-04671056a8c8,0,18.99,165.4,52.0,15.0,,64.0,,,18.99,165.4,52.0,15.0,,64.0,,,1.0,1.0,1.0,1.0,,1.0,,,111.0,111.0,111.0,111.0,,111.0,,,0,1,1,1,6,6
71066aad-81f8-84fb-a2e7-20c707b8adb3,0,36.72,161.7,96.0,15.0,59.99,89.0,113.71,156.78,36.72,161.7,96.0,15.0,59.99,89.0,113.71,156.78,1.0,1.0,1.0,1.0,1.0,1.0,1.0,1.0,195.0,195.0,195.0,195.0,195.0,195.0,195.0,195.0,0,0,0,0,9,9
7283ec29-45fc-e71b-5fe9-f9341d105af2,0,28.93,154.2,68.8,14.0,58.76,91.0,124.8,162.88,28.93,154.2,68.8,14.0,58.76,91.0,124.8,162.88,1.0,1.0,1.0,1.0,1.0,1.0,1.0,1.0,244.0,244.0,244.0,244.0,244.0,244.0,244.0,244.0,0,0,0,0,9,9
73549a93-fe1c-c0dc-d985-c8d4002a2602,0,27.49,161.4,71.6,12.0,,89.0,,,27.49,161.4,71.6,12.0,,89.0,,,1.0,1.0,1.0,1.0,,1.0,,,6.0,6.0,6.0,6.0,,6.0,,,0,1,1,1,5,5
7374d296-0cc7-b5f9-ff92-7e5913d0a076,0,27.4,178.1,86.9,13.0,,60.0,,,27.4,178.1,86.9,13.0,,60.0,,,1.0,1.0,1.0,1.0,,1.0,,,20.0,20.0,20.0,20.0,,20.0,,,0,1,1,1,6,6
73c55d61-b20c-0166-5974-ab392ef00f0f,0,28.05,166.2,77.5,15.0,53.4,97.0,149.57,204.53,28.05,166.2,77.5,15.0,53.4,97.0,149.57,204.53,1.0,1.0,1.0,1.0,1.0,1.0,1.0,1.0,125.0,125.0,125.0,125.0,125.0,125.0,125.0,125.0,0,0,0,0,10,10
741416d5-9897-9618-757a-dc00cbd7847a,0,30.41,183.4,102.3,15.0,,76.0,,,30.41,183.4,102.3,15.0,,76.0,,,1.0,1.0,1.0,1.0,,1.0,,,27.0,27.0,27.0,27.0,,27.0,,,0,1,1,1,6,6
74c4d567-1613-75d6-b147-e9781934e3be,0,27.89,175.0,85.4,12.0,,69.0,,,27.89,175.0,85.4,12.0,,69.0,,,1.0,1.0,1.0,1.0,,1.0,,,97.0,97.0,97.0,97.0,,97.0,,,0,1,1,1,6,6
7556a200-cbaf-6a92-6adf-53b539121e27,0,36.95,161.7,96.6,15.0,,79.0,,,36.95,161.7,96.6,15.0,,79.0,,,1.0,1.0,1.0,1.0,,1.0,,,6.0,6.0,6.0,6.0,,6.0,,,0,1,1,1,6,6
76fbf67c-76ab-80fb-8348-c3cf724a03b7,0,20.78,165.3,56.8,14.0,,78.0,,,20.78,165.3,56.8,14.0,,78.0,,,1.0,1.0,1.0,1.0,,1.0,,,20.0,20.0,20.0,20.0,,20.0,,,0,1,1,1,6,6
77e60a27-f930-7cfb-e211-e69159370986,1,30.14,181.6,99.4,13.0,,96.0,,,30.14,181.6,99.4,13.0,,96.0,,,1.0,1.0,1.0,1.0,,1.0,,,335.0,335.0,335.0,335.0,,335.0,,,0,1,1,1,7,7
788a79b0-5bba-eda2-4d9b-ad6e036fd63b,1,24.77,165.8,68.1,15.0,,63.0,,,24.77,165.8,68.1,15.0,,63.0,,,1.0,1.0,1.0,1.0,,1.0,,,13.0,13.0,13.0,13.0,,13.0,,,0,1,1,1,5,5
78c40dd4-e5e0-bf99-6711-90fdbce6edb6,0,28.090000000000003,193.25,104.85,13.0,,66.5,,,27.51,193.5,103.0,14.0,,65.0,,,2.0,2.0,2.0,2.0,,2.0,,,6.0,6.0,6.0,6.0,,6.0,,,0,1,1,1,10,5
791c78b3-17e2-9b14-a561-e9c4e081b613,0,28.4,175.6,87.6,14.0,,88.0,,,28.4,175.6,87.6,14.0,,88.0,,,1.0,1.0,1.0,1.0,,1.0,,,20.0,20.0,20.0,20.0,,20.0,,,0,1,1,1,5,5
7946c284-cbf2-9a20-9681-fe8d7e75628f,0,19.26,171.4,56.6,14.0,,70.0,,,19.26,171.4,56.6,14.0,,70.0,,,1.0,1.0,1.0,1.0,,1.0,,,6.0,6.0,6.0,6.0,,6.0,,,0,1,1,1,5,5
794a8b32-d72e-09f4-802f-dcf3eb90ac56,1,27.62,175.0,84.6,14.0,49.69,77.0,110.83,149.98,27.62,175.0,84.6,14.0,49.69,77.0,110.83,149.98,1.0,1.0,1.0,1.0,1.0,1.0,1.0,1.0,6.0,6.0,6.0,6.0,6.0,6.0,6.0,6.0,0,0,0,0,8,8
7952fa74-4e26-8657-6044-ae4148da6b7e,0,18.79,176.6,58.6,13.0,,96.0,,,18.79,176.6,58.6,13.0,,96.0,,,1.0,1.0,1.0,1.0,,1.0,,,6.0,6.0,6.0,6.0,,6.0,,,0,1,1,1,6,6
797359bc-2d2b-6d61-1faf-a05df8da5eae,0,24.5,167.7,68.9,13.0,,61.0,,,24.5,167.7,68.9,13.0,,61.0,,,1.0,1.0,1.0,1.0,,1.0,,,20.0,20.0,20.0,20.0,,20.0,,,0,1,1,1,5,5
7973cd74-713d-3937-53e8-0710ca094237,0,29.87,162.8,79.2,12.0,,72.0,,,29.87,162.8,79.2,12.0,,72.0,,,1.0,1.0,1.0,1.0,,1.0,,,6.0,6.0,6.0,6.0,,6.0,,,0,1,1,1,5,5
7a4a5b5f-53f4-649a-6412-65e80b4f2404,0,30.29,181.6,99.9,13.0,54.05,60.0,112.18,134.37,30.29,181.6,99.9,13.0,54.05,60.0,112.18,134.37,1.0,1.0,1.0,1.0,1.0,1.0,1.0,1.0,355.0,355.0,355.0,355.0,355.0,355.0,355.0,355.0,0,0,0,0,9,9
7abb992d-2280-9e42-9776-14b238688e94,0,20.57,187.14999999999998,72.05,13.5,,82.0,,,20.58,187.2,72.1,14.0,,83.0,,,2.0,2.0,2.0,2.0,,2.0,,,283.0,283.0,283.0,283.0,,283.0,,,0,1,1,1,11,6
7b67eb3f-c1a0-f865-1de1-a631a875b19b,0,40.27,175.4,123.9,15.0,64.4,97.0,128.99,155.54,40.27,175.4,123.9,15.0,64.4,97.0,128.99,155.54,1.0,1.0,1.0,1.0,1.0,1.0,1.0,1.0,130.0,130.0,130.0,130.0,130.0,130.0,130.0,130.0,0,0,0,0,8,8
7b97196e-f2d2-a548-da02-13249a206073,0,27.83,182.1,92.3,16.0,,73.0,,,27.83,182.1,92.3,16.0,,73.0,,,1.0,1.0,1.0,1.0,,1.0,,,6.0,6.0,6.0,6.0,,6.0,,,0,1,1,1,5,5
7d4c4a28-6057-314a-7a32-06bfed75432e,0,31.06,178.5,98.9,14.0,,88.0,,,31.06,178.5,98.9,14.0,,88.0,,,1.0,1.0,1.0,1.0,,1.0,,,20.0,20.0,20.0,20.0,,20.0,,,0,1,1,1,6,6
7dfb7aff-b9b3-29db-09bc-8738be086bcd,1,28.11,168.5,79.8,14.0,,85.0,,,28.11,168.5,79.8,14.0,,85.0,,,1.0,1.0,1.0,1.0,,1.0,,,6.0,6.0,6.0,6.0,,6.0,,,0,1,1,1,6,6
7e4e1950-4f56-79d1-3a26-c2939aec2184,0,22.58,166.1,62.3,15.0,,73.0,,,22.58,166.1,62.3,15.0,,73.0,,,1.0,1.0,1.0,1.0,,1.0,,,6.0,6.0,6.0,6.0,,6.0,,,0,1,1,1,6,6
7eb9bb19-1765-ca5f-ec51-799bf1362bfc,1,24.43,170.8,71.3,12.0,,83.0,,,24.43,170.8,71.3,12.0,,83.0,,,1.0,1.0,1.0,1.0,,1.0,,,6.0,6.0,6.0,6.0,,6.0,,,0,1,1,1,5,5
7ecb71c7-d4f8-3908-f6ab-c640071f637b,0,25.66,154.5,61.2,15.0,,94.0,,,25.66,154.5,61.2,15.0,,94.0,,,1.0,1.0,1.0,1.0,,1.0,,,6.0,6.0,6.0,6.0,,6.0,,,0,1,1,1,5,5
7edf68d0-5b22-e0c4-f347-a3f948e7f8b3,0,29.5,168.8,84.1,13.0,53.94,95.0,118.22,152.88,29.5,168.8,84.1,13.0,53.94,95.0,118.22,152.88,1.0,1.0,1.0,1.0,1.0,1.0,1.0,1.0,293.0,293.0,293.0,293.0,293.0,293.0,293.0,293.0,0,0,0,0,9,9
7fd8de83-fac3-a055-41af-2932edb67c3c,0,27.47,157.1,67.8,13.0,59.45,69.0,124.83,171.95,27.47,157.1,67.8,13.0,59.45,69.0,124.83,171.95,1.0,1.0,1.0,1.0,1.0,1.0,1.0,1.0,6.0,6.0,6.0,6.0,6.0,6.0,6.0,6.0,0,0,0,0,8,8
80067b17-6f69-3d51-634c-c514256d5bc2,1,24.92,159.9,63.7,14.0,,74.0,,,24.92,159.9,63.7,14.0,,74.0,,,1.0,1.0,1.0,1.0,,1.0,,,6.0,6.0,6.0,6.0,,6.0,,,0,1,1,1,6,6
800a3d41-5628-f740-01b2-96abe91e9f36,0,19.16,159.9,49.0,13.0,,82.0,,,19.16,159.9,49.0,13.0,,82.0,,,1.0,1.0,1.0,1.0,,1.0,,,356.0,356.0,356.0,356.0,,356.0,,,0,1,1,1,5,5
801d1046-5436-ce60-26ff-eeb297f5f907,0,19.93,190.7,72.5,14.0,,66.0,,,19.93,190.7,72.5,14.0,,66.0,,,1.0,1.0,1.0,1.0,,1.0,,,20.0,20.0,20.0,20.0,,20.0,,,0,1,1,1,5,5
80949a33-7db2-2dc9-6084-7ecc533a405d,0,27.49,169.3,78.8,15.0,58.501999999999995,65.0,151.815,208.075,27.49,169.3,78.8,15.0,64.564,65.0,174.57,199.21,1.0,1.0,1.0,1.0,2.0,1.0,2.0,2.0,132.0,132.0,132.0,132.0,111.0,132.0,111.0,111.0,0,0,0,0,11,8
81048c89-ce3c-65a7-be56-6f4bdcd13110,0,30.17,170.8,88.0,13.0,,73.0,,,30.17,170.8,88.0,13.0,,73.0,,,1.0,1.0,1.0,1.0,,1.0,,,6.0,6.0,6.0,6.0,,6.0,,,0,1,1,1,5,5
8136f2da-1439-42f9-60a1-018bff5f52df,0,30.48,170.0,88.1,13.0,,63.0,,,30.48,170.0,88.1,13.0,,63.0,,,1.0,1.0,1.0,1.0,,1.0,,,27.0,27.0,27.0,27.0,,27.0,,,0,1,1,1,6,6
821bfebc-3649-0e49-ab83-7b73cc6e8621,0,28.38,155.7,68.8,14.0,68.658,94.0,104.1,161.92,28.38,155.7,68.8,14.0,68.658,94.0,104.1,161.92,1.0,1.0,1.0,1.0,1.0,1.0,1.0,1.0,251.0,251.0,251.0,251.0,236.0,251.0,236.0,236.0,0,0,0,0,9,9
846df7ec-bb24-559b-3e35-ee95c65c4555,0,30.15,165.7,82.8,14.0,34.075,95.0,277.11,223.51,30.15,165.7,82.8,14.0,34.075,95.0,277.11,223.51,1.0,1.0,1.0,1.0,1.0,1.0,1.0,1.0,21.0,21.0,21.0,21.0,21.0,21.0,21.0,21.0,0,0,0,0,9,9
84f72547-5a8d-1d1f-3b33-e9e3c2026de0,0,25.5,156.0,62.0,14.0,,70.0,,,25.5,156.0,62.0,14.0,,70.0,,,1.0,1.0,1.0,1.0,,1.0,,,20.0,20.0,20.0,20.0,,20.0,,,0,1,1,1,7,7
8536c398-21dd-276b-65de-f2119029588d,1,23.56,182.3,78.3,14.0,,99.0,,,23.56,182.3,78.3,14.0,,99.0,,,1.0,1.0,1.0,1.0,,1.0,,,6.0,6.0,6.0,6.0,,6.0,,,0,1,1,1,5,5
862602d5-81e4-14bf-1e24-13a8e4f40dd3,0,30.43,159.6,77.5,14.0,,74.0,,,30.43,159.6,77.5,14.0,,74.0,,,1.0,1.0,1.0,1.0,,1.0,,,6.0,6.0,6.0,6.0,,6.0,,,0,1,1,1,5,5
86451fd0-c843-e3f7-e3ef-7813c261ffa0,1,30.11,162.5,79.5,13.0,51.74,69.0,136.79,124.21,30.11,162.5,79.5,13.0,51.74,69.0,136.79,124.21,1.0,1.0,1.0,1.0,1.0,1.0,1.0,1.0,6.0,6.0,6.0,6.0,6.0,6.0,6.0,6.0,0,0,0,0,9,9
87570fcf-73b7-1552-ddea-f0e3f22c6be7,0,31.36,161.4,81.7,16.0,72.368,90.0,102.04,199.06,31.36,161.4,81.7,16.0,72.368,90.0,102.04,199.06,1.0,1.0,1.0,1.0,1.0,1.0,1.0,1.0,20.0,20.0,20.0,20.0,19.0,20.0,19.0,19.0,0,0,0,0,10,10
8928ca9f-fc03-2404-fcc1-1962a8a886b4,0,30.2,157.6,75.0,14.0,,72.0,,,30.2,157.6,75.0,14.0,,72.0,,,1.0,1.0,1.0,1.0,,1.0,,,223.0,223.0,223.0,223.0,,223.0,,,0,1,1,1,7,7
8a202c15-9d27-9642-5d7e-7b09c3b0a141,0,27.89,156.6,68.4,14.0,45.22,69.0,109.93,193.57,27.89,156.6,68.4,14.0,45.22,69.0,109.93,193.57,1.0,1.0,1.0,1.0,1.0,1.0,1.0,1.0,240.0,240.0,240.0,240.0,233.0,240.0,233.0,233.0,0,0,0,0,8,8
8ab0e65e-72c5-bb18-4145-7c0e7e072354,0,29.63,159.2,75.1,14.0,,70.0,,,29.63,159.2,75.1,14.0,,70.0,,,1.0,1.0,1.0,1.0,,1.0,,,349.0,349.0,349.0,349.0,,349.0,,,0,1,1,1,5,5
8b1d8745-2e6a-8e5b-9095-06fc46c56418,0,34.99,158.5,87.9,13.0,,88.0,,,34.99,158.5,87.9,13.0,,88.0,,,1.0,1.0,1.0,1.0,,1.0,,,244.0,244.0,244.0,244.0,,244.0,,,0,1,1,1,6,6
8b282f9f-ffaa-3bb4-6315-b407559d7c2b,0,21.79,165.85000000000002,59.95,13.0,,77.0,,,21.97,165.9,60.5,12.0,,60.0,,,2.0,2.0,2.0,2.0,,2.0,,,76.0,76.0,76.0,76.0,,76.0,,,0,1,1,1,10,5
8b7760c7-8067-e5ea-7197-d7dbb346e2e4,1,30.49,169.3,87.4,15.0,,68.0,,,30.49,169.3,87.4,15.0,,68.0,,,1.0,1.0,1.0,1.0,,1.0,,,6.0,6.0,6.0,6.0,,6.0,,,0,1,1,1,7,7
8b8d4eb4-23f1-872a-eb98-54f78481ab14,0,28.18,179.0,90.3,12.0,56.21,72.0,121.63,201.02,28.18,179.0,90.3,12.0,56.21,72.0,121.63,201.02,1.0,1.0,1.0,1.0,1.0,1.0,1.0,1.0,204.0,204.0,204.0,204.0,204.0,204.0,204.0,204.0,0,0,0,0,9,9
8c5b5d1d-3940-d38c-d4c6-73840a60ced7,0,18.23,175.1,55.9,15.0,,62.0,,,18.23,175.1,55.9,15.0,,62.0,,,1.0,1.0,1.0,1.0,,1.0,,,20.0,20.0,20.0,20.0,,20.0,,,0,1,1,1,6,6
8cfed95c-8bce-e440-8ea7-5242cc6ac901,0,19.64,178.6,62.7,15.0,,87.0,,,19.64,178.6,62.7,15.0,,87.0,,,1.0,1.0,1.0,1.0,,1.0,,,20.0,20.0,20.0,20.0,,20.0,,,0,1,1,1,6,6
8e04b77b-e596-14ea-5bf6-8e6165836700,1,27.27,152.0,63.0,16.0,53.21,66.0,135.75,101.72,27.27,152.0,63.0,16.0,53.21,66.0,135.75,101.72,1.0,1.0,1.0,1.0,1.0,1.0,1.0,1.0,6.0,6.0,6.0,6.0,6.0,6.0,6.0,6.0,0,0,0,0,9,9
8e59c0dc-24ce-fbc9-5d3c-4f121ba67e5f,0,28.01,162.2,73.7,15.0,,73.0,,,28.01,162.2,73.7,15.0,,73.0,,,1.0,1.0,1.0,1.0,,1.0,,,86.0,86.0,86.0,86.0,,86.0,,,0,1,1,1,7,7
917462d2-9882-b81d-6e70-4521b24ada3d,0,27.3,177.4,85.9,15.0,,81.0,,,27.3,177.4,85.9,15.0,,81.0,,,1.0,1.0,1.0,1.0,,1.0,,,6.0,6.0,6.0,6.0,,6.0,,,0,1,1,1,5,5
92b4d70a-62f7-2608-1721-ec8f1a5d459c,0,30.31,169.7,87.3,15.0,,87.0,,,30.31,169.7,87.3,15.0,,87.0,,,1.0,1.0,1.0,1.0,,1.0,,,20.0,20.0,20.0,20.0,,20.0,,,0,1,1,1,5,5
931ce9fd-700b-eaba-9815-971f4ae29592,0,24.89,172.9,74.4,13.0,,100.0,,,24.89,172.9,74.4,13.0,,100.0,,,1.0,1.0,1.0,1.0,,1.0,,,20.0,20.0,20.0,20.0,,20.0,,,0,1,1,1,5,5
93b5f4e3-27f0-12f3-3ca1-1450b18cd1be,0,27.9,162.0,73.2,13.0,49.97,87.0,119.42,139.7,27.9,162.0,73.2,13.0,49.97,87.0,119.42,139.7,1.0,1.0,1.0,1.0,1.0,1.0,1.0,1.0,237.0,237.0,237.0,237.0,237.0,237.0,237.0,237.0,0,0,0,0,9,9
94173656-6d4f-d33f-230f-c64fbc1f2162,0,28.56,164.8,78.4,13.0,56.5775,95.0,121.9375,159.99,28.56,164.8,78.6,13.0,61.58,95.0,148.45,170.91,1.0,1.0,5.0,1.0,4.0,1.0,4.0,4.0,223.0,223.0,12.0,223.0,12.0,223.0,12.0,12.0,0,0,0,0,25,9
94ae68fb-4187-ab48-1571-56d4c6f83432,0,21.3,157.3,52.7,15.0,,72.0,,,21.3,157.3,52.7,15.0,,72.0,,,1.0,1.0,1.0,1.0,,1.0,,,6.0,6.0,6.0,6.0,,6.0,,,0,1,1,1,5,5
94af7629-b70e-2a2d-52a6-b53906a2c23f,0,29.73,185.6,102.4,15.0,56.79,77.0,103.46142857142857,203.2242857142857,29.73,185.6,102.4,15.0,56.69,77.0,103.17,210.6,1.0,1.0,8.0,1.0,7.0,1.0,7.0,7.0,181.0,181.0,69.0,181.0,69.0,181.0,69.0,69.0,0,0,0,0,42,10
954dfcdb-dcac-a599-85d8-0c3766be6cc6,0,19.23,156.0,46.8,15.0,,99.0,,,19.23,156.0,46.8,15.0,,99.0,,,1.0,1.0,1.0,1.0,,1.0,,,244.0,244.0,244.0,244.0,,244.0,,,0,1,1,1,6,6
95c07d56-6051-607e-592e-02399a2e8540,0,18.28,175.2,56.1,13.0,,86.0,,,18.28,175.2,56.1,13.0,,86.0,,,1.0,1.0,1.0,1.0,,1.0,,,363.0,363.0,363.0,363.0,,363.0,,,0,1,1,1,5,5
95f6bebc-4f62-b48e-98ad-6576c32fd321,0,18.5,160.1,47.4,13.0,,97.0,,,18.5,160.1,47.4,13.0,,97.0,,,1.0,1.0,1.0,1.0,,1.0,,,6.0,6.0,6.0,6.0,,6.0,,,0,1,1,1,6,6
96a37bc3-d97e-d630-844f-d7bb9c18b081,0,27.47,170.0,79.4,16.0,54.45,61.0,140.29,146.79,27.47,170.0,79.4,16.0,54.45,61.0,140.29,146.79,1.0,1.0,1.0,1.0,1.0,1.0,1.0,1.0,20.0,20.0,20.0,20.0,20.0,20.0,20.0,20.0,0,0,0,0,9,9
96b01420-7386-dad2-1ac4-567c24d71e5b,0,23.92,163.7,64.1,15.0,78.653,77.0,146.61,203.95,23.92,163.7,64.1,15.0,78.653,77.0,146.61,203.95,1.0,1.0,1.0,1.0,1.0,1.0,1.0,1.0,13.0,13.0,13.0,13.0,12.0,13.0,12.0,12.0,0,0,0,0,8,8
973c9f2c-b32a-518c-5256-eadd76bc738a,0,27.97,165.7,76.8,14.0,,73.0,,,27.97,165.7,76.8,14.0,,73.0,,,1.0,1.0,1.0,1.0,,1.0,,,109.0,109.0,109.0,109.0,,109.0,,,0,1,1,1,5,5
974a57b9-5994-2b01-6d92-188f97242e89,0,30.01,168.1,84.8,14.0,67.498,77.0,156.27,159.9,30.01,168.1,84.8,14.0,67.498,77.0,156.27,159.9,1.0,1.0,1.0,1.0,1.0,1.0,1.0,1.0,13.0,13.0,13.0,13.0,12.0,13.0,12.0,12.0,0,0,0,0,9,9
9768580a-3274-6251-06fa-48fc2ef1cba4,0,22.36,161.2,58.1,15.0,,80.0,,,22.36,161.2,58.1,15.0,,80.0,,,1.0,1.0,1.0,1.0,,1.0,,,169.0,169.0,169.0,169.0,,169.0,,,0,1,1,1,6,6
97af2e8f-0aee-44cb-1654-b4edd0f426da,0,27.0,186.6,94.1,14.0,,85.0,,,27.0,186.6,94.1,14.0,,85.0,,,1.0,1.0,1.0,1.0,,1.0,,,20.0,20.0,20.0,20.0,,20.0,,,0,1,1,1,5,5
97e35ee2-dd5b-fb8e-de8e-c203f1f839df,0,22.36,165.8,61.5,15.0,53.98,61.0,105.22,149.92,22.36,165.8,61.5,15.0,53.98,61.0,105.22,149.92,1.0,1.0,1.0,1.0,1.0,1.0,1.0,1.0,232.0,232.0,232.0,232.0,232.0,232.0,232.0,232.0,0,0,0,0,9,9
982c1201-317c-32c3-8269-0396f8a3a778,0,32.14,165.1,87.6,13.0,,91.0,,,32.14,165.1,87.6,13.0,,91.0,,,1.0,1.0,1.0,1.0,,1.0,,,67.0,67.0,67.0,67.0,,67.0,,,0,1,1,1,5,5
99033180-9ea3-901d-f3e9-956f231bd1d3,0,23.32,159.6,59.4,15.0,,69.0,,,23.32,159.6,59.4,15.0,,69.0,,,1.0,1.0,1.0,1.0,,1.0,,,15.0,15.0,15.0,15.0,,15.0,,,0,1,1,1,5,5
9a351d94-d5ce-82ef-3a58-6c8a3d590991,0,28.49,168.8,81.2,16.0,,61.0,,,28.49,168.8,81.2,16.0,,61.0,,,1.0,1.0,1.0,1.0,,1.0,,,223.0,223.0,223.0,223.0,,223.0,,,0,1,1,1,6,6
9a8dc58d-22c4-cbc9-f3b4-2b75b79e4e88,0,29.34,176.3,91.2,14.0,,78.0,,,29.34,176.3,91.2,14.0,,78.0,,,1.0,1.0,1.0,1.0,,1.0,,,20.0,20.0,20.0,20.0,,20.0,,,0,1,1,1,6,6
9acb682e-7072-bc4b-8652-1e8ebe90a7c0,0,30.07,176.1,93.3,13.0,,99.0,,,30.07,176.1,93.3,13.0,,99.0,,,1.0,1.0,1.0,1.0,,1.0,,,70.0,70.0,70.0,70.0,,70.0,,,0,1,1,1,6,6
9c1ddfbc-be58-dbea-fe3f-226888047be8,0,29.16,172.9,87.2,13.376000000000001,,81.6405,,,29.16,172.9,87.2,14.0,,84.0,,,1.0,1.0,1.0,2.0,,2.0,,,6.0,6.0,6.0,6.0,,6.0,,,0,1,1,1,8,6
9d3fe604-c131-81ac-ed34-216d3ea771c8,0,26.03,187.9,91.9,14.0,,98.0,,,26.03,187.9,91.9,14.0,,98.0,,,1.0,1.0,1.0,1.0,,1.0,,,96.0,96.0,96.0,96.0,,96.0,,,0,1,1,1,7,7
9ee21a2b-9504-819c-7897-b5b8c6c85a8a,1,30.3,152.0,70.0,16.0,57.72,85.0,103.44,233.06,30.3,152.0,70.0,16.0,57.72,85.0,103.44,233.06,1.0,1.0,1.0,1.0,1.0,1.0,1.0,1.0,6.0,6.0,6.0,6.0,6.0,6.0,6.0,6.0,0,0,0,0,9,9
9f291e4e-521a-12d1-9033-ef5a5decd520,0,21.75,183.1,72.9,15.0,,91.0,,,21.75,183.1,72.9,15.0,,91.0,,,1.0,1.0,1.0,1.0,,1.0,,,20.0,20.0,20.0,20.0,,20.0,,,0,1,1,1,6,6
9f919dad-068a-aa07-8073-2032d3a3fabd,0,21.68,180.2,70.4,12.0,,68.0,,,21.68,180.2,70.4,12.0,,68.0,,,1.0,1.0,1.0,1.0,,1.0,,,20.0,20.0,20.0,20.0,,20.0,,,0,1,1,1,5,5
a0f83ade-9390-06c4-8c06-dda2f430f24b,0,25.24,174.5,76.8,12.0,,70.0,,,25.24,174.5,76.8,12.0,,70.0,,,1.0,1.0,1.0,1.0,,1.0,,,6.0,6.0,6.0,6.0,,6.0,,,0,1,1,1,6,6
a10cb024-98fc-b173-4151-2b507f04d85b,1,28.04,171.1,82.1,15.0,,70.0,,,28.04,171.1,82.1,15.0,,70.0,,,1.0,1.0,1.0,1.0,,1.0,,,6.0,6.0,6.0,6.0,,6.0,,,0,1,1,1,5,5
a16592ab-58b3-cd94-6683-18860890ac4c,0,30.19,175.6,93.1,13.0,,91.0,,,30.19,175.6,93.1,13.0,,91.0,,,1.0,1.0,1.0,1.0,,1.0,,,20.0,20.0,20.0,20.0,,20.0,,,0,1,1,1,7,7
a180b165-71f9-e630-1dee-230a88ea898b,0,27.74,178.3,88.2,15.0,,74.0,,,27.74,178.3,88.2,15.0,,74.0,,,1.0,1.0,1.0,1.0,,1.0,,,25.0,25.0,25.0,25.0,,25.0,,,0,1,1,1,5,5
a3c8c987-b89e-cecd-596f-77451d5dc9be,0,26.48,163.5,70.8,15.0,,95.0,,,26.48,163.5,70.8,15.0,,95.0,,,1.0,1.0,1.0,1.0,,1.0,,,276.0,276.0,276.0,276.0,,276.0,,,0,1,1,1,6,6
a43000b6-9392-88fe-cac4-3819fe847115,0,22.1,180.2,71.8,16.0,,78.0,,,22.1,180.2,71.8,16.0,,78.0,,,1.0,1.0,1.0,1.0,,1.0,,,6.0,6.0,6.0,6.0,,6.0,,,0,1,1,1,5,5
a4e70c3e-4f1d-99bc-cebf-48349ff05eae,0,29.75,175.2,91.3,14.0,49.62,78.0,124.97,167.73,29.75,175.2,91.3,14.0,49.62,78.0,124.97,167.73,1.0,1.0,1.0,1.0,1.0,1.0,1.0,1.0,359.0,359.0,359.0,359.0,359.0,359.0,359.0,359.0,0,0,0,0,9,9
a66aa6a4-53d4-0464-4104-0d1ff0d93365,0,27.68,151.1,63.2,13.0,,85.0,,,27.68,151.1,63.2,13.0,,85.0,,,1.0,1.0,1.0,1.0,,1.0,,,20.0,20.0,20.0,20.0,,20.0,,,0,1,1,1,5,5
a73a0e1d-0ac2-febd-e051-34f0a238885e,0,28.19,172.0,83.4,12.0,,68.0,,,28.19,172.0,83.4,12.0,,68.0,,,1.0,1.0,1.0,1.0,,1.0,,,115.0,115.0,115.0,115.0,,115.0,,,0,1,1,1,6,6
a8299e14-ac06-6097-9c52-bae65eb14d21,0,28.380000000000003,171.3,83.25,14.0,,88.5,,,28.5,171.3,83.6,14.0,,82.0,,,2.0,2.0,2.0,2.0,,2.0,,,20.0,20.0,20.0,20.0,,20.0,,,0,1,1,1,10,5
a8a3ea54-9f7c-9004-5c2b-eff60e1f55b6,0,27.46,172.5,81.7,14.0,47.808,69.0,192.1,162.58,27.46,172.5,81.7,14.0,47.808,69.0,192.1,162.58,1.0,1.0,1.0,1.0,1.0,1.0,1.0,1.0,20.0,20.0,20.0,20.0,19.0,20.0,19.0,19.0,0,0,0,0,8,8
a8a4c7d6-722a-a914-04b6-a23a7c3496e2,1,23.2,155.8,56.3,12.5,,82.5,,,23.2,155.8,56.3,13.0,,92.0,,,2.0,2.0,2.0,2.0,,2.0,,,6.0,6.0,6.0,6.0,,6.0,,,0,1,1,1,12,6
a9bc8604-b40a-1c55-fdc5-196a7d53a7a6,0,29.88,166.7,83.0,15.0,,64.0,,,29.88,166.7,83.0,15.0,,64.0,,,1.0,1.0,1.0,1.0,,1.0,,,13.0,13.0,13.0,13.0,,13.0,,,0,1,1,1,5,5
aadbc51a-311f-ddfe-bd6a-d76fddb34800,0,19.29,163.4,51.5,15.0,,67.0,,,19.29,163.4,51.5,15.0,,67.0,,,1.0,1.0,1.0,1.0,,1.0,,,295.0,295.0,295.0,295.0,,295.0,,,0,1,1,1,5,5
abc61265-4a54-c111-4bd6-a9c0ce9d6457,0,24.33,185.7,83.9,13.0,,80.0,,,24.33,185.7,83.9,13.0,,80.0,,,1.0,1.0,1.0,1.0,,1.0,,,196.0,196.0,196.0,196.0,,196.0,,,0,1,1,1,6,6
ac47d440-870e-c043-f904-499fb2f7e741,0,28.59,172.0,84.6,14.0,,63.0,,,28.59,172.0,84.6,14.0,,63.0,,,1.0,1.0,1.0,1.0,,1.0,,,97.0,97.0,97.0,97.0,,97.0,,,0,1,1,1,5,5
aed6c1e4-6184-3c09-338e-6f8c04300445,0,20.43,162.8,54.2,13.0,,62.0,,,20.43,162.8,54.2,13.0,,62.0,,,1.0,1.0,1.0,1.0,,1.0,,,224.0,224.0,224.0,224.0,,224.0,,,0,1,1,1,5,5
af0a646a-1da4-7d9a-8527-8f36a0630f89,0,28.37,176.1,87.9,16.0,,86.0,,,28.37,176.1,87.9,16.0,,86.0,,,1.0,1.0,1.0,1.0,,1.0,,,253.0,253.0,253.0,253.0,,253.0,,,0,1,1,1,5,5
af284990-076c-12fc-df87-2922a64829ff,0,25.42,169.0,72.6,15.0,,90.0,,,25.42,169.0,72.6,15.0,,90.0,,,1.0,1.0,1.0,1.0,,1.0,,,6.0,6.0,6.0,6.0,,6.0,,,0,1,1,1,5,5
af5ad8bd-abf4-4458-8d7f-ecad356d0afc,0,27.83,158.8,70.2,13.0,59.94,91.0,135.57,249.88,27.83,158.8,70.2,13.0,59.94,91.0,135.57,249.88,1.0,1.0,1.0,1.0,1.0,1.0,1.0,1.0,314.0,314.0,314.0,314.0,314.0,314.0,314.0,314.0,0,0,0,0,10,10
b0536c52-458b-72f8-8ceb-89597ecd8a07,0,30.18,169.7,86.9,13.0,,63.0,,,30.18,169.7,86.9,13.0,,63.0,,,1.0,1.0,1.0,1.0,,1.0,,,6.0,6.0,6.0,6.0,,6.0,,,0,1,1,1,6,6
b0832313-d2cf-0fd4-aff9-4f9b769ca320,0,30.1,168.0,85.0,14.0,,72.0,,,30.1,168.0,85.0,14.0,,72.0,,,1.0,1.0,1.0,1.0,,1.0,,,13.0,13.0,13.0,13.0,,13.0,,,0,1,1,1,7,7
b0d10a5e-e028-8113-6f9e-68c403a85520,0,28.79,167.9,81.1,13.0,62.733,71.0,155.1,153.92,28.79,167.9,81.1,13.0,62.733,71.0,155.1,153.92,1.0,1.0,1.0,1.0,1.0,1.0,1.0,1.0,13.0,13.0,13.0,13.0,12.0,13.0,12.0,12.0,0,0,0,0,9,9
b2661c05-de20-1c22-8085-9462743245c6,0,28.36,157.4,70.3,13.5815,,77.8925,,,28.36,157.4,70.3,13.163,,87.785,,,1.0,1.0,1.0,2.0,,2.0,,,216.0,216.0,216.0,94.0,,94.0,,,0,1,1,1,7,5
b2b32475-883a-38eb-61cb-74b4c434bb20,0,30.16,179.6,97.3,13.0,57.12,63.0,102.91,276.79,30.16,179.6,97.3,13.0,57.12,63.0,102.91,276.79,1.0,1.0,1.0,1.0,1.0,1.0,1.0,1.0,6.0,6.0,6.0,6.0,6.0,6.0,6.0,6.0,0,0,0,0,10,10
b2ba0ae9-e5d0-219c-f608-6efd7d0cb7b0,0,30.59,158.1,76.5,13.0,,93.0,,,30.59,158.1,76.5,13.0,,93.0,,,1.0,1.0,1.0,1.0,,1.0,,,21.0,21.0,21.0,21.0,,21.0,,,0,1,1,1,5,5
b2da8b11-05f3-17d1-573f-6ea3fc457088,0,27.88,158.1,69.7,14.0,,64.5,,,27.88,158.1,69.7,14.0,,62.0,,,2.0,2.0,2.0,2.0,,2.0,,,6.0,6.0,6.0,6.0,,6.0,,,0,1,1,1,12,7
b4335de5-25b1-b8a6-c388-912a98f8a82e,0,26.44,169.0,75.5,12.0,,99.0,,,26.44,169.0,75.5,12.0,,99.0,,,1.0,1.0,1.0,1.0,,1.0,,,20.0,20.0,20.0,20.0,,20.0,,,0,1,1,1,6,6
b4df8d5f-55f1-633e-a4d4-5384b15f7904,0,20.83,175.3,64.0,14.414,,81.6515,,,20.83,175.3,64.0,13.0,,74.0,,,1.0,1.0,1.0,2.0,,2.0,,,6.0,6.0,6.0,6.0,,6.0,,,0,1,1,1,8,6
b5117be1-eec9-ccb0-2162-8a484fc8ac2b,0,16.61,167.7,46.7,14.0,,86.0,,,16.61,167.7,46.7,14.0,,86.0,,,1.0,1.0,1.0,1.0,,1.0,,,290.0,290.0,290.0,290.0,,290.0,,,0,1,1,1,6,6
b70a4efb-91f4-7bd9-637d-a776f1528d1b,0,26.19,177.6,82.6,14.0,,67.0,,,26.19,177.6,82.6,14.0,,67.0,,,1.0,1.0,1.0,1.0,,1.0,,,20.0,20.0,20.0,20.0,,20.0,,,0,1,1,1,5,5
b77f63ad-5ddf-3138-6e1b-b5cc61e8785c,1,18.95,156.3,46.3,15.0,,66.0,,,18.95,156.3,46.3,15.0,,66.0,,,1.0,1.0,1.0,1.0,,1.0,,,342.0,342.0,342.0,342.0,,342.0,,,0,1,1,1,6,6
b7e90b62-7d94-0409-6e25-4f0e255f71d7,0,27.39,164.6,74.2,12.0,58.061,63.0,194.57,187.88,27.39,164.6,74.2,12.0,58.061,63.0,194.57,187.88,1.0,1.0,1.0,1.0,1.0,1.0,1.0,1.0,20.0,20.0,20.0,20.0,19.0,20.0,19.0,19.0,0,0,0,0,9,9
b7fad0ba-029b-e84b-8928-52bb46f4e07b,1,30.18,169.0,86.2,15.0,,73.0,,,30.18,169.0,86.2,15.0,,73.0,,,1.0,1.0,1.0,1.0,,1.0,,,6.0,6.0,6.0,6.0,,6.0,,,0,1,1,1,6,6
b87d1ed5-4676-c424-694f-fa1c556d7336,0,18.53,178.0,58.7,14.0,,98.0,,,18.53,178.0,58.7,14.0,,98.0,,,1.0,1.0,1.0,1.0,,1.0,,,20.0,20.0,20.0,20.0,,20.0,,,0,1,1,1,6,6
b887e3be-9e28-3eb2-6ae7-6f51b9ab188d,1,30.84,176.8,96.4,12.0,,68.0,,,30.84,176.8,96.4,12.0,,68.0,,,1.0,1.0,1.0,1.0,,1.0,,,6.0,6.0,6.0,6.0,,6.0,,,0,1,1,1,6,6
b8937c8f-67ea-6f1f-a94c-ba5c2ca944bf,0,23.07,181.9,76.3,14.0,,75.0,,,23.07,181.9,76.3,16.0,,81.0,,,2.0,2.0,2.0,2.0,,2.0,,,51.0,51.0,51.0,51.0,,51.0,,,0,1,1,1,11,6
b8a306ab-5ab5-80d1-a006-273660571b98,0,27.44,171.3,80.5,14.0,57.03,97.0,115.07,159.27,27.44,171.3,80.5,14.0,57.03,97.0,115.07,159.27,1.0,1.0,1.0,1.0,1.0,1.0,1.0,1.0,314.0,314.0,314.0,314.0,314.0,314.0,314.0,314.0,0,0,0,0,9,9
b8f52013-0e27-0943-2ff1-0eb609c99550,0,27.43,178.5,87.4,14.0,52.73,96.0,127.13,164.39,27.43,178.5,87.4,14.0,52.73,96.0,127.13,164.39,1.0,1.0,1.0,1.0,1.0,1.0,1.0,1.0,139.0,139.0,139.0,139.0,139.0,139.0,139.0,139.0,0,0,0,0,9,9
b9494b50-6ddf-cf40-52b8-da1ec26f41fa,0,27.73,184.2,94.1,13.0,46.4945,97.0,177.2,186.07,27.73,184.2,94.1,13.0,55.09,97.0,142.4,160.16,1.0,1.0,1.0,1.0,2.0,1.0,2.0,2.0,77.0,77.0,77.0,77.0,77.0,77.0,77.0,77.0,0,0,0,0,12,9
b9532251-fe9a-d8d8-763a-35cc9c2b230f,0,32.73,178.5,104.3,14.0,,70.0,,,32.73,178.5,104.3,14.0,,70.0,,,1.0,1.0,1.0,1.0,,1.0,,,27.0,27.0,27.0,27.0,,27.0,,,0,1,1,1,5,5
ba699566-e346-6d8b-1d10-0e1590f9d382,0,29.02,165.0,79.0,14.0,31.56,78.5,124.04,163.76,29.02,165.0,79.0,15.0,31.56,62.0,124.04,163.76,2.0,2.0,2.0,2.0,1.0,2.0,1.0,1.0,6.0,6.0,6.0,6.0,6.0,6.0,6.0,6.0,0,0,0,0,13,8
bae218a2-8b89-98f3-0389-0322fa679bc0,0,27.59,168.8,78.6,14.0,,67.0,,,27.59,168.8,78.6,14.0,,67.0,,,1.0,1.0,1.0,1.0,,1.0,,,6.0,6.0,6.0,6.0,,6.0,,,0,1,1,1,5,5
bb50f89a-40b0-c589-7b38-f52c0af9708e,0,30.3,170.8,88.4,15.0,60.717,76.0,109.26,186.67,30.3,170.8,88.4,15.0,60.717,76.0,109.26,186.67,1.0,1.0,1.0,1.0,1.0,1.0,1.0,1.0,27.0,27.0,27.0,27.0,20.0,27.0,20.0,20.0,0,0,0,0,9,9
bbb48041-7b73-fb4e-46f1-29785e068cab,0,21.48,173.3,64.5,14.377500000000001,27.71,76.3505,106.6,165.51999999999998,21.48,173.3,64.5,13.0,27.73,74.0,107.12,184.84,1.0,1.0,2.0,2.0,2.0,2.0,2.0,2.0,209.0,209.0,33.0,209.0,33.0,209.0,33.0,33.0,0,0,0,0,16,10
bc027c93-7154-51ee-5d31-e65d93ce0e00,1,27.57,176.1,85.5,14.0,,68.0,,,27.57,176.1,85.5,14.0,,68.0,,,1.0,1.0,1.0,1.0,,1.0,,,6.0,6.0,6.0,6.0,,6.0,,,0,1,1,1,6,6
bc4d88ad-4224-7875-9d6a-1714d99061fc,0,27.68,179.8,89.5,13.0,,97.0,,,27.68,179.8,89.5,13.0,,97.0,,,1.0,1.0,1.0,1.0,,1.0,,,125.0,125.0,125.0,125.0,,125.0,,,0,1,1,1,6,6
bc625d86-29ba-fa1b-fc0a-3d5cc2ffe24e,0,22.51,175.8,69.6,15.0,,97.0,,,22.51,175.8,69.6,15.0,,97.0,,,1.0,1.0,1.0,1.0,,1.0,,,216.0,216.0,216.0,216.0,,216.0,,,0,1,1,1,6,6
bd1ba2d4-4556-2c1a-2913-a9173a206f2c,0,30.22,168.0,85.3,14.0,51.46,66.0,133.66,160.2,30.22,168.0,85.3,14.0,51.46,66.0,133.66,160.2,1.0,1.0,1.0,1.0,1.0,1.0,1.0,1.0,202.0,202.0,202.0,202.0,202.0,202.0,202.0,202.0,0,0,0,0,8,8
bd9a6b8d-b904-a229-e2d4-26bd0585f3af,0,30.43,168.8,86.7,13.0,,76.0,,,30.43,168.8,86.7,13.0,,76.0,,,1.0,1.0,1.0,1.0,,1.0,,,76.0,76.0,76.0,76.0,,76.0,,,0,1,1,1,6,6
bdebe878-659f-6c4a-c2c4-ac30c3710bc7,0,27.9,160.7,72.0,12.0,,95.0,,,27.9,160.7,72.0,12.0,,95.0,,,1.0,1.0,1.0,1.0,,1.0,,,6.0,6.0,6.0,6.0,,6.0,,,0,1,1,1,5,5
be9fbae9-a1cd-a74f-7330-01ccdb9c939b,0,27.96,179.0,89.6,15.0,,72.0,,,27.96,179.0,89.6,15.0,,72.0,,,1.0,1.0,1.0,1.0,,1.0,,,20.0,20.0,20.0,20.0,,20.0,,,0,1,1,1,6,6
bf671be1-4525-d506-48ad-6e6cc99b7c94,0,26.56,173.9,80.3,14.0,28.57,68.0,102.05,191.73,26.56,173.9,80.3,14.0,28.57,68.0,102.05,191.73,1.0,1.0,1.0,1.0,1.0,1.0,1.0,1.0,279.0,279.0,279.0,279.0,279.0,279.0,279.0,279.0,0,0,0,0,9,9
c017c1d4-2109-a700-3033-3e0331cdf1c4,0,25.15,173.5,75.7,14.0,,62.0,,,25.15,173.5,75.7,14.0,,62.0,,,1.0,1.0,1.0,1.0,,1.0,,,20.0,20.0,20.0,20.0,,20.0,,,0,1,1,1,5,5
c13ec05b-8e0e-e2c0-a848-b6f3297786ca,1,28.0,173.3,84.1,15.0,,68.0,,,28.0,173.3,84.1,15.0,,68.0,,,1.0,1.0,1.0,1.0,,1.0,,,6.0,6.0,6.0,6.0,,6.0,,,0,1,1,1,5,5
c15fa62a-135f-986c-0e1b-2cb69f8787d6,0,29.75,162.4,78.5,13.0,58.17,72.0,104.49,171.88,29.75,162.4,78.5,13.0,58.17,72.0,104.49,171.88,1.0,1.0,1.0,1.0,1.0,1.0,1.0,1.0,20.0,20.0,20.0,20.0,20.0,20.0,20.0,20.0,0,0,0,0,9,9
c285b89a-6481-4ec8-5d15-656199484dfe,0,28.47,159.7,72.6,14.0,,95.0,,,28.47,159.7,72.6,14.0,,95.0,,,1.0,1.0,1.0,1.0,,1.0,,,6.0,6.0,6.0,6.0,,6.0,,,0,1,1,1,5,5
c305f531-3a5e-08c8-2542-528772a4fe20,0,28.94,167.2,80.9,15.0,,64.0,,,28.94,167.2,80.9,15.0,,64.0,,,1.0,1.0,1.0,1.0,,1.0,,,53.0,53.0,53.0,53.0,,53.0,,,0,1,1,1,5,5
c34f34ac-763f-8ff2-2aa0-8a1cd3b282f3,0,27.32,174.1,82.8,14.0,71.825,89.0,171.79,159.55,27.32,174.1,82.8,14.0,71.825,89.0,171.79,159.55,1.0,1.0,1.0,1.0,1.0,1.0,1.0,1.0,363.0,363.0,363.0,363.0,347.0,363.0,347.0,347.0,0,0,0,0,8,8
c353e016-2d0e-1d2b-663b-e1f6e40febcd,0,24.99,186.8,87.2,15.0,,90.0,,,24.99,186.8,87.2,15.0,,90.0,,,1.0,1.0,1.0,1.0,,1.0,,,6.0,6.0,6.0,6.0,,6.0,,,0,1,1,1,6,6
c3677126-2f3c-e34a-8975-a8080a8f7f6b,0,27.62,178.3,87.8,13.5,,79.5,,,27.62,178.3,87.8,14.0,,78.0,,,2.0,2.0,2.0,2.0,,2.0,,,6.0,6.0,6.0,6.0,,6.0,,,0,1,1,1,11,6
c3f2e148-9796-9377-8df6-51dc828d6728,0,27.66,165.0,75.3,14.0,78.505,79.5,183.43,200.67,27.66,165.0,75.3,13.0,78.505,70.0,183.43,200.67,2.0,2.0,2.0,2.0,1.0,2.0,1.0,1.0,127.0,127.0,127.0,127.0,106.0,127.0,106.0,106.0,0,0,0,0,14,9
c4fc7f96-cade-5a17-9d48-1541090b8b6c,0,27.81,166.5,77.1,13.0,54.51,72.0,118.82,166.36,27.81,166.5,77.1,13.0,54.51,72.0,118.82,166.36,1.0,1.0,1.0,1.0,1.0,1.0,1.0,1.0,47.0,47.0,47.0,47.0,47.0,47.0,47.0,47.0,0,0,0,0,10,10
c5adad08-107d-f1bd-b091-3109ebfcac81,0,30.39,179.4,97.8,16.0,62.14,88.0,109.33,210.27,30.39,179.4,97.8,16.0,62.14,88.0,109.33,210.27,1.0,1.0,1.0,1.0,1.0,1.0,1.0,1.0,155.0,155.0,155.0,155.0,155.0,155.0,155.0,155.0,0,0,0,0,9,9
c61b3fbe-789f-0847-4bd0-97d38005e0c5,1,28.73,176.8,89.8,16.0,,70.0,,,28.73,176.8,89.8,16.0,,70.0,,,1.0,1.0,1.0,1.0,,1.0,,,6.0,6.0,6.0,6.0,,6.0,,,0,1,1,1,5,5
c66967c7-eee0-51a3-a89c-5d63e28a56b9,0,29.1,152.6,67.8,12.0,,89.0,,,29.1,152.6,67.8,12.0,,89.0,,,1.0,1.0,1.0,1.0,,1.0,,,20.0,20.0,20.0,20.0,,20.0,,,0,1,1,1,5,5
c74b0eb7-bf6b-8651-758d-fa73076c601c,0,17.43,145.9,37.1,15.0,,86.0,,,17.43,145.9,37.1,15.0,,86.0,,,1.0,1.0,1.0,1.0,,1.0,,,244.0,244.0,244.0,244.0,,244.0,,,0,1,1,1,5,5
c7c22a56-a237-4ee8-af99-10cfcf32ddf2,1,28.48,161.5,74.3,13.0,,84.0,,,28.48,161.5,74.3,13.0,,84.0,,,1.0,1.0,1.0,1.0,,1.0,,,6.0,6.0,6.0,6.0,,6.0,,,0,1,1,1,6,6
c8c335fa-73b6-664c-f790-01cfec887f88,0,27.35,161.4,71.2,16.0,,77.0,,,27.35,161.4,71.2,16.0,,77.0,,,1.0,1.0,1.0,1.0,,1.0,,,160.0,160.0,160.0,160.0,,160.0,,,0,1,1,1,6,6
c8d91f12-41bf-8ee8-7bb3-2111c0f0c2dd,1,29.009999999999998,157.6,72.05,13.5,53.9,78.0,143.26,212.9,29.38,157.6,73.0,13.0,53.9,93.0,143.26,212.9,2.0,2.0,2.0,2.0,1.0,2.0,1.0,1.0,62.0,62.0,62.0,62.0,160.0,62.0,160.0,160.0,0,0,0,0,15,9
ca4fa21d-29ab-db5e-db1d-ca97178d4b66,1,32.27,165.7,88.6,14.0,,66.0,,,32.27,165.7,88.6,14.0,,66.0,,,1.0,1.0,1.0,1.0,,1.0,,,265.0,265.0,265.0,265.0,,265.0,,,0,1,1,1,7,7
cad1f328-2a32-b71a-8908-c44d2d87e4a9,0,22.49,164.8,61.1,14.0,,70.0,,,22.49,164.8,61.1,14.0,,70.0,,,1.0,1.0,1.0,1.0,,1.0,,,121.0,121.0,121.0,121.0,,121.0,,,0,1,1,1,5,5
cb910213-af42-21b1-ce99-acadd77d26d9,0,23.31,168.0,65.8,15.0,,61.0,,,23.31,168.0,65.8,15.0,,61.0,,,1.0,1.0,1.0,1.0,,1.0,,,20.0,20.0,20.0,20.0,,20.0,,,0,1,1,1,7,7
cbaf3e1c-4284-6165-2804-a1d6ac12b15b,0,22.06,168.3,62.5,16.0,,78.0,,,22.06,168.3,62.5,16.0,,78.0,,,1.0,1.0,1.0,1.0,,1.0,,,113.0,113.0,113.0,113.0,,113.0,,,0,1,1,1,6,6
cd9fdb24-6e5d-3151-09a4-a396b85f0fed,0,30.16,171.3,88.5,13.0,,95.0,,,30.16,171.3,88.5,13.0,,95.0,,,1.0,1.0,1.0,1.0,,1.0,,,333.0,333.0,333.0,333.0,,333.0,,,0,1,1,1,5,5
cfde9aee-4366-2156-cd9f-a985e8cdf03a,0,30.27,170.6,88.1,15.0,54.32,66.0,117.05,183.96,30.27,170.6,88.1,15.0,54.32,66.0,117.05,183.96,1.0,1.0,1.0,1.0,1.0,1.0,1.0,1.0,300.0,300.0,300.0,300.0,300.0,300.0,300.0,300.0,0,0,0,0,9,9
d01315a0-868c-e2ff-284d-374bb23c67ea,0,27.95,190.2,101.1,15.0,,97.0,,,27.95,190.2,101.1,15.0,,97.0,,,1.0,1.0,1.0,1.0,,1.0,,,6.0,6.0,6.0,6.0,,6.0,,,0,1,1,1,5,5
d03c3825-9eea-22da-bbae-97df02085b0b,0,30.27,176.6,94.4,13.0,,97.0,,,30.27,176.6,94.4,13.0,,97.0,,,1.0,1.0,1.0,1.0,,1.0,,,27.0,27.0,27.0,27.0,,27.0,,,0,1,1,1,6,6
d04de69e-c5ec-ed7d-85d6-f804369da961,0,,,,17.346,,66.703,,,,,,17.346,,66.703,,,,,,1.0,,1.0,,,,,,131.0,,131.0,,,0,1,1,1,2,2
d0613569-d495-0448-1d81-41ea36ae230d,0,20.09,166.0,55.4,14.0,,77.0,,,20.09,166.0,55.4,14.0,,77.0,,,1.0,1.0,1.0,1.0,,1.0,,,20.0,20.0,20.0,20.0,,20.0,,,0,1,1,1,6,6
d0bf3838-5e66-12f8-2c86-fa57acb823cc,0,38.67,162.4,102.0,14.0,,93.0,,,38.67,162.4,102.0,14.0,,93.0,,,1.0,1.0,1.0,1.0,,1.0,,,20.0,20.0,20.0,20.0,,20.0,,,0,1,1,1,5,5
d3bdc83d-9c80-f293-42e7-83a0a2903931,0,17.92,156.2,43.7,14.0,,91.0,,,17.92,156.2,43.7,14.0,,91.0,,,1.0,1.0,1.0,1.0,,1.0,,,27.0,27.0,27.0,27.0,,27.0,,,0,1,1,1,6,6
d3c28fb9-6b86-e667-393a-da5b8a9e9564,0,29.35,166.5,81.4,16.0,64.1,81.0,135.54,190.08,29.35,166.5,81.4,16.0,64.1,81.0,135.54,190.08,1.0,1.0,1.0,1.0,1.0,1.0,1.0,1.0,300.0,300.0,300.0,300.0,300.0,300.0,300.0,300.0,0,0,0,0,10,10
d3d7f972-5108-6c42-e626-d97bfd78472f,1,25.97,165.5,71.1,15.0,,70.0,,,25.97,165.5,71.1,15.0,,70.0,,,1.0,1.0,1.0,1.0,,1.0,,,6.0,6.0,6.0,6.0,,6.0,,,0,1,1,1,6,6
d3db3373-2213-655a-f252-25cced424d6f,0,25.59,153.8,60.5,16.0,,73.0,,,25.59,153.8,60.5,16.0,,73.0,,,1.0,1.0,1.0,1.0,,1.0,,,139.0,139.0,139.0,139.0,,139.0,,,0,1,1,1,6,6
d406ace8-8456-226b-de33-76e18559d837,0,25.93,161.7,67.8,15.0,,60.0,,,25.93,161.7,67.8,15.0,,60.0,,,1.0,1.0,1.0,1.0,,1.0,,,6.0,6.0,6.0,6.0,,6.0,,,0,1,1,1,6,6
d4518cd0-5a13-595c-cbc7-2df39a5e54e6,1,27.64,164.3,74.6,15.0,38.628,97.0,249.6,252.82,27.64,164.3,74.6,15.0,38.628,97.0,249.6,252.82,1.0,1.0,1.0,1.0,1.0,1.0,1.0,1.0,6.0,6.0,6.0,6.0,6.0,6.0,6.0,6.0,0,0,0,0,9,9
d4a004a4-8127-7a2c-fc70-d41ee4dcb508,0,30.62,171.6,90.2,14.0,,67.0,,,30.62,171.6,90.2,14.0,,67.0,,,1.0,1.0,1.0,1.0,,1.0,,,230.0,230.0,230.0,230.0,,230.0,,,0,1,1,1,6,6
d55b8821-b929-2e97-4c25-0cbf51aac0b9,0,27.21,163.8,73.0,14.0,49.549499999999995,79.0,133.46,144.905,27.21,163.8,73.0,14.0,68.13,79.0,135.68,135.97,1.0,1.0,2.0,1.0,2.0,1.0,2.0,2.0,20.0,20.0,20.0,20.0,60.0,20.0,60.0,60.0,0,0,0,0,13,9
d595d936-17ad-d754-82ad-a3a1540143d3,1,27.83,172.4,82.7,14.0,,94.0,,,27.83,172.4,82.7,14.0,,94.0,,,1.0,1.0,1.0,1.0,,1.0,,,20.0,20.0,20.0,20.0,,20.0,,,0,1,1,1,6,6
d6ab2e6e-de4c-f2ed-db42-d5f3cd4d352e,1,23.18,151.1,52.9,14.5,,62.5,,,23.18,151.1,52.9,13.0,,63.0,,,2.0,2.0,2.0,2.0,,2.0,,,6.0,6.0,6.0,6.0,,6.0,,,0,1,1,1,11,6
d7595852-3d7e-2d8d-eadd-575f27bef7a1,0,21.14,169.1,60.4,14.0,,77.0,,,21.14,169.1,60.4,14.0,,77.0,,,1.0,1.0,1.0,1.0,,1.0,,,6.0,6.0,6.0,6.0,,6.0,,,0,1,1,1,6,6
d77bbf27-3f80-de19-6a89-60ea785a56d7,0,30.33,158.5,76.2,15.0,63.21,64.0,139.79,274.08,30.33,158.5,76.2,15.0,63.21,64.0,139.79,274.08,1.0,1.0,1.0,1.0,1.0,1.0,1.0,1.0,195.0,195.0,195.0,195.0,195.0,195.0,195.0,195.0,0,0,0,0,9,9
d791c447-da35-5135-92e9-c44a0abeb7c6,0,22.21,180.6,72.4,13.0,,87.0,,,22.21,180.6,72.4,13.0,,87.0,,,1.0,1.0,1.0,1.0,,1.0,,,6.0,6.0,6.0,6.0,,6.0,,,0,1,1,1,5,5
d7999008-8964-b59d-c3cc-faa0cceaebad,0,27.55,178.5,87.8,15.0,,63.0,,,27.55,178.5,87.8,15.0,,63.0,,,1.0,1.0,1.0,1.0,,1.0,,,20.0,20.0,20.0,20.0,,20.0,,,0,1,1,1,5,5
d7e0f5fe-7693-8e0b-5c42-254db1bf7568,0,25.67,167.7,72.2,12.0,51.49,85.0,103.13,207.12,25.67,167.7,72.2,12.0,51.49,85.0,103.13,207.12,1.0,1.0,1.0,1.0,1.0,1.0,1.0,1.0,298.0,298.0,298.0,298.0,298.0,298.0,298.0,298.0,0,0,0,0,8,8
d9aa63af-2beb-652c-e88a-bdad6295792f,1,30.49,180.0,98.8,15.0,50.1,69.0,146.51,226.96,30.49,180.0,98.8,15.0,50.1,69.0,146.51,226.96,1.0,1.0,1.0,1.0,1.0,1.0,1.0,1.0,6.0,6.0,6.0,6.0,6.0,6.0,6.0,6.0,0,0,0,0,8,8
da04739c-dd5c-ccf7-ca81-a4129fcb62e8,0,27.65,180.6,90.2,15.0,,80.0,,,27.65,180.6,90.2,15.0,,80.0,,,1.0,1.0,1.0,1.0,,1.0,,,6.0,6.0,6.0,6.0,,6.0,,,0,1,1,1,7,7
da59447b-365a-d648-2461-c043c41cbbf8,0,28.93,155.0,69.5,14.0,40.24,100.0,122.17,161.95,28.93,155.0,69.5,14.0,40.24,100.0,122.17,161.95,1.0,1.0,1.0,1.0,1.0,1.0,1.0,1.0,44.0,44.0,44.0,44.0,365.0,44.0,365.0,365.0,0,0,0,0,8,8
db317942-a249-b1b1-6d84-83eb9638150b,0,30.22,173.9,91.4,14.0,27.814999999999998,77.0,129.67,168.36,30.22,173.9,91.4,14.0,30.81,77.0,116.4,220.21,1.0,1.0,1.0,1.0,4.0,1.0,4.0,4.0,6.0,6.0,6.0,6.0,6.0,6.0,6.0,6.0,0,0,0,0,21,10
dc76bb14-44ee-974d-4efc-ca403917bf44,0,27.47,175.5,84.6,14.0,,89.0,,,27.47,175.5,84.6,14.0,,89.0,,,1.0,1.0,1.0,1.0,,1.0,,,6.0,6.0,6.0,6.0,,6.0,,,0,1,1,1,6,6
dd96e797-2191-35e2-b775-d321e37a3c24,0,23.54,165.5,64.5,12.0,,70.0,,,23.54,165.5,64.5,12.0,,70.0,,,1.0,1.0,1.0,1.0,,1.0,,,34.0,34.0,34.0,34.0,,34.0,,,0,1,1,1,5,5
df27fb59-cbc3-60b4-68da-1afd27c72d03,0,29.7,156.6,72.8,13.0,27.15,94.0,111.29,198.17,29.7,156.6,72.8,13.0,27.15,94.0,111.29,198.17,1.0,1.0,1.0,1.0,1.0,1.0,1.0,1.0,265.0,265.0,265.0,265.0,265.0,265.0,265.0,265.0,0,0,0,0,9,9
e031781d-be6a-e28b-7018-588a807249d4,1,30.54,174.8,93.3,15.0,44.575,68.0,176.08,198.86,30.54,174.8,93.3,15.0,44.575,68.0,176.08,198.86,1.0,1.0,1.0,1.0,1.0,1.0,1.0,1.0,6.0,6.0,6.0,6.0,344.0,6.0,344.0,344.0,0,0,0,0,10,10
e0f12ae2-beca-6edd-c12b-5df4facca6d1,0,28.855,175.0,88.4,14.5,,70.5,,,28.43,175.0,87.1,14.0,,70.0,,,2.0,2.0,2.0,2.0,,2.0,,,244.0,244.0,244.0,244.0,,244.0,,,0,1,1,1,12,6
e0fc2fac-2eeb-7150-b57c-e54850471390,0,24.12,172.9,72.1,16.0,53.37,61.0,102.76,276.71,24.12,172.9,72.1,16.0,53.37,61.0,102.76,276.71,1.0,1.0,1.0,1.0,1.0,1.0,1.0,1.0,133.0,133.0,133.0,133.0,133.0,133.0,133.0,133.0,0,0,0,0,9,9
e1e22276-acdf-24e9-6503-7372f401e0b6,0,17.59,167.7,49.5,14.0,,75.0,,,17.59,167.7,49.5,14.0,,75.0,,,1.0,1.0,1.0,1.0,,1.0,,,340.0,340.0,340.0,340.0,,340.0,,,0,1,1,1,5,5
e216734b-182f-9002-a574-0a3a27b095ce,0,19.49,159.7,49.7,15.0,,86.0,,,19.49,159.7,49.7,15.0,,86.0,,,1.0,1.0,1.0,1.0,,1.0,,,6.0,6.0,6.0,6.0,,6.0,,,0,1,1,1,6,6
e21ba9c3-2d6f-505e-b19f-4841107e2d4a,0,26.49,166.0,73.0,14.0,47.04,76.0,125.35,163.97,26.49,166.0,73.0,14.0,47.04,76.0,125.35,163.97,1.0,1.0,1.0,1.0,1.0,1.0,1.0,1.0,208.0,208.0,208.0,208.0,208.0,208.0,208.0,208.0,0,0,0,0,8,8
e2797407-c443-6b40-3ba5-4bc4689a0209,0,30.52,162.7,80.8,14.0,50.69,63.0,128.29,169.94,30.52,162.7,80.8,14.0,50.69,63.0,128.29,169.94,1.0,1.0,1.0,1.0,1.0,1.0,1.0,1.0,48.0,48.0,48.0,48.0,48.0,48.0,48.0,48.0,0,0,0,0,8,8
e46e4a3b-dcf5-b5aa-3fd8-a62ee8846055,0,29.51,164.0,79.4,13.0,,70.0,,,29.51,164.0,79.4,13.0,,70.0,,,1.0,1.0,1.0,1.0,,1.0,,,6.0,6.0,6.0,6.0,,6.0,,,0,1,1,1,7,7
e51aba4a-1a20-0316-880f-53df06f3ca76,0,28.36,181.2,93.1,14.0,,90.0,,,28.36,181.2,93.1,14.0,,90.0,,,1.0,1.0,1.0,1.0,,1.0,,,125.0,125.0,125.0,125.0,,125.0,,,0,1,1,1,16,7
e6118606-2f86-e307-4ea7-478656af42c3,0,26.28,167.7,73.9,14.0,57.65,62.0,139.83,160.31,26.28,167.7,73.9,14.0,57.65,62.0,139.83,160.31,1.0,1.0,1.0,1.0,1.0,1.0,1.0,1.0,20.0,20.0,20.0,20.0,20.0,20.0,20.0,20.0,0,0,0,0,9,9
e6a636e0-287f-cd36-b07c-8dbf9f4cb330,1,28.81,181.4,94.8,12.0,,82.0,,,28.81,181.4,94.8,12.0,,82.0,,,1.0,1.0,1.0,1.0,,1.0,,,6.0,6.0,6.0,6.0,,6.0,,,0,1,1,1,6,6
e6b782af-943c-43fa-ef60-11d3dd12a365,0,29.96,168.1,84.7,15.0,61.96,97.0,136.32,159.71,29.96,168.1,84.7,15.0,61.96,97.0,136.32,159.71,1.0,1.0,1.0,1.0,1.0,1.0,1.0,1.0,153.0,153.0,153.0,153.0,153.0,153.0,153.0,153.0,0,0,0,0,10,10
e8c040f8-550a-74a6-2458-0cf198432cb1,0,29.83,179.2,95.8,12.0,,78.0,,,29.83,179.2,95.8,12.0,,78.0,,,1.0,1.0,1.0,1.0,,1.0,,,6.0,6.0,6.0,6.0,,6.0,,,0,1,1,1,5,5
e905713d-1148-91af-42e5-dc9dfbc98c1b,0,43.98,164.5,119.0,13.0,52.64,83.0,100.08,170.18,43.98,164.5,119.0,13.0,52.64,83.0,100.08,170.18,1.0,1.0,1.0,1.0,1.0,1.0,1.0,1.0,20.0,20.0,20.0,20.0,20.0,20.0,20.0,20.0,0,0,0,0,8,8
e96dce14-ff19-f310-c4fc-a6c8892a3699,0,23.4,182.3,77.8,13.0,,92.0,,,23.4,182.3,77.8,13.0,,92.0,,,1.0,1.0,1.0,1.0,,1.0,,,6.0,6.0,6.0,6.0,,6.0,,,0,1,1,1,6,6
e96f63e9-942e-dd19-6f69-08cb57f60abe,0,30.11,159.6,76.7,16.0,,93.0,,,30.11,159.6,76.7,16.0,,93.0,,,1.0,1.0,1.0,1.0,,1.0,,,244.0,244.0,244.0,244.0,,244.0,,,0,1,1,1,6,6
e9c6e3b4-c350-08e2-3b93-14f87d873428,1,23.01,186.2,79.8,15.0,,97.0,,,23.01,186.2,79.8,15.0,,97.0,,,1.0,1.0,1.0,1.0,,1.0,,,6.0,6.0,6.0,6.0,,6.0,,,0,1,1,1,6,6
e9e74013-a7bf-397d-c74e-7fd0bc9533ad,0,,60.660000000000004,5.659999999999999,13.8,,82.4,,,,68.9,7.8,14.0,,76.0,,,,5.0,5.0,5.0,,5.0,,,,55.0,55.0,55.0,,55.0,,,0,1,1,1,20,4
eb6b3e26-695a-cb40-af64-8eb7b511724e,1,27.41,161.4,71.4,15.0,,91.0,,,27.41,161.4,71.4,15.0,,91.0,,,1.0,1.0,1.0,1.0,,1.0,,,6.0,6.0,6.0,6.0,,6.0,,,0,1,1,1,5,5
ebaae913-1c30-ae3b-0fb8-3fd83ae873a2,1,27.96,160.1,71.7,13.0,30.66,98.0,141.07,295.58,27.96,160.1,71.7,13.0,30.66,98.0,141.07,295.58,1.0,1.0,1.0,1.0,1.0,1.0,1.0,1.0,6.0,6.0,6.0,6.0,6.0,6.0,6.0,6.0,0,0,0,0,8,8
eeeb2b77-dba4-35f0-aa3a-6da328d25b1a,0,29.45,163.2,78.4,13.0,,83.0,,,29.45,163.2,78.4,13.0,,83.0,,,1.0,1.0,1.0,1.0,,1.0,,,6.0,6.0,6.0,6.0,,6.0,,,0,1,1,1,6,6
ef525c2e-9d30-9a0c-d17c-9211f7c7195d,0,29.75,166.3,82.3,13.0,28.41,70.0,117.11,147.95,29.75,166.3,82.3,13.0,28.41,70.0,117.11,147.95,1.0,1.0,1.0,1.0,1.0,1.0,1.0,1.0,6.0,6.0,6.0,6.0,6.0,6.0,6.0,6.0,0,0,0,0,8,8
eff334e4-c8a9-83d1-2c65-69cc3dfc90f4,0,27.93,156.6,68.5,13.0,34.995,75.0,118.21,199.6,27.93,156.6,68.5,13.0,34.995,75.0,118.21,199.6,1.0,1.0,1.0,1.0,1.0,1.0,1.0,1.0,13.0,13.0,13.0,13.0,6.0,13.0,6.0,6.0,0,0,0,0,9,9
f0c8bc28-408d-3f30-e819-ff6480da3f90,0,30.25,161.4,78.8,12.0,,83.0,,,30.25,161.4,78.8,12.0,,83.0,,,1.0,1.0,1.0,1.0,,1.0,,,76.0,76.0,76.0,76.0,,76.0,,,0,1,1,1,7,7
f0dd3c2d-9b5c-ce98-e975-7b34baee8f79,0,40.59,165.3,110.9,13.0,,62.0,,,40.59,165.3,110.9,13.0,,62.0,,,1.0,1.0,1.0,1.0,,1.0,,,231.0,231.0,231.0,231.0,,231.0,,,0,1,1,1,5,5
f1fe5724-8679-06cc-06ee-a52a5f33a04d,1,27.22,167.1,76.0,15.0,,83.0,,,27.22,167.1,76.0,15.0,,83.0,,,1.0,1.0,1.0,1.0,,1.0,,,6.0,6.0,6.0,6.0,,6.0,,,0,1,1,1,5,5
f24cc65a-6222-cdeb-4b5f-ed5f98d10606,0,22.88,163.7,61.3,13.0,,100.0,,,22.88,163.7,61.3,13.0,,100.0,,,1.0,1.0,1.0,1.0,,1.0,,,220.0,220.0,220.0,220.0,,220.0,,,0,1,1,1,7,7
f286e228-2d19-4405-da1c-23dcae75169b,1,30.38,164.3,82.0,13.0,,90.0,,,30.38,164.3,82.0,13.0,,90.0,,,1.0,1.0,1.0,1.0,,1.0,,,6.0,6.0,6.0,6.0,,6.0,,,0,1,1,1,5,5
f295f2df-ed4a-1b01-901a-7d0568522a61,0,27.37,168.5,77.7,16.0,55.39,76.0,128.69,274.7,27.37,168.5,77.7,16.0,55.39,76.0,128.69,274.7,1.0,1.0,1.0,1.0,1.0,1.0,1.0,1.0,72.0,72.0,72.0,72.0,72.0,72.0,72.0,72.0,0,0,0,0,9,9
f3663e55-2cdf-adde-8686-9a2e56f34a5d,0,27.52,177.7,86.9,15.0,34.2385,66.0,127.87,193.02499999999998,27.52,177.7,86.9,15.0,42.517,66.0,118.76,208.48,1.0,1.0,1.0,1.0,2.0,1.0,2.0,2.0,20.0,20.0,20.0,20.0,11.0,20.0,11.0,11.0,0,0,0,0,12,9
f3ae8983-707c-0cb0-6dcf-da8f2c2c6acb,0,30.31,179.9,98.1,12.0,,78.0,,,30.31,179.9,98.1,12.0,,78.0,,,1.0,1.0,1.0,1.0,,1.0,,,117.0,117.0,117.0,117.0,,117.0,,,0,1,1,1,5,5
f463fbeb-7e37-1ac9-45dc-b54437823523,0,22.66,183.1,76.0,15.0,,86.0,,,22.66,183.1,76.0,15.0,,86.0,,,1.0,1.0,1.0,1.0,,1.0,,,6.0,6.0,6.0,6.0,,6.0,,,0,1,1,1,6,6
f50b90e0-58a6-8e25-7438-a40e48d1429b,0,27.81,148.2,61.1,16.0,52.8,65.0,112.61,111.51,27.81,148.2,61.1,16.0,52.8,65.0,112.61,111.51,1.0,1.0,1.0,1.0,1.0,1.0,1.0,1.0,20.0,20.0,20.0,20.0,20.0,20.0,20.0,20.0,0,0,0,0,8,8
f6b094db-2331-10e1-55e7-14f4818f0850,0,27.98,168.1,79.75,16.0,53.953,83.0,146.96333333333334,170.06666666666666,27.98,168.1,80.4,16.0,48.2,83.0,124.69,184.84,1.0,1.0,2.0,1.0,3.0,1.0,3.0,3.0,349.0,349.0,47.0,349.0,47.0,349.0,47.0,47.0,0,0,0,0,17,10
f7e82cde-b8a2-6b67-0cbc-b34c2a0efbb3,0,27.65,178.3,87.9,13.0,,85.0,,,27.65,178.3,87.9,13.0,,85.0,,,1.0,1.0,1.0,1.0,,1.0,,,6.0,6.0,6.0,6.0,,6.0,,,0,1,1,1,5,5
f995825e-88ac-72a7-2fc0-62a762244153,0,27.54,160.1,70.6,12.0,,94.0,,,27.54,160.1,70.6,12.0,,94.0,,,1.0,1.0,1.0,1.0,,1.0,,,289.0,289.0,289.0,289.0,,289.0,,,0,1,1,1,5,5
f9ecd3c2-69fc-8e46-d6f5-b9ddf25b1a11,1,29.47,181.2,96.8,13.0,,86.0,,,29.47,181.2,96.8,13.0,,86.0,,,1.0,1.0,1.0,1.0,,1.0,,,6.0,6.0,6.0,6.0,,6.0,,,0,1,1,1,5,5
fb8088d0-11b2-9802-2f97-8de3a930f1fb,0,27.31,164.6,74.0,13.0,47.95,88.0,143.27,306.16,27.31,164.6,74.0,13.0,47.95,88.0,143.27,306.16,1.0,1.0,1.0,1.0,1.0,1.0,1.0,1.0,20.0,20.0,20.0,20.0,20.0,20.0,20.0,20.0,0,0,0,0,9,9
fd1f85ae-96ce-f909-33a4-b86db878cfcc,0,30.03,157.4,74.4,14.666666666666666,,83.66666666666667,,,30.03,157.4,74.4,14.0,,88.0,,,3.0,3.0,3.0,3.0,,3.0,,,32.0,32.0,32.0,32.0,,32.0,,,0,1,1,1,17,7
fd48211a-3a67-88d5-f24b-eb2004740ac8,0,26.83,165.5,73.5,15.0,53.16,90.0,142.4,291.92,26.83,165.5,73.5,15.0,53.16,90.0,142.4,291.92,1.0,1.0,1.0,1.0,1.0,1.0,1.0,1.0,20.0,20.0,20.0,20.0,20.0,20.0,20.0,20.0,0,0,0,0,9,9
fdcb2960-94a8-0ac6-2370-f4c94b97eec7,0,29.16,154.2,69.3,15.0,54.41,88.0,132.24,175.71,29.16,154.2,69.3,15.0,54.41,88.0,132.24,175.71,1.0,1.0,1.0,1.0,1.0,1.0,1.0,1.0,209.0,209.0,209.0,209.0,209.0,209.0,209.0,209.0,0,0,0,0,8,8
fdd5ae02-8cf3-3ace-5556-2854648010e8,0,27.92,152.0,64.5,13.0,,65.0,,,27.92,152.0,64.5,13.0,,65.0,,,1.0,1.0,1.0,1.0,,1.0,,,220.0,220.0,220.0,220.0,,220.0,,,0,1,1,1,7,7
fe09a952-81a6-9bf8-46af-8be773855dc5,0,33.76,179.2,108.4,13.0,53.45,66.0,132.88,180.78,33.76,179.2,108.4,13.0,53.45,66.0,132.88,180.78,1.0,1.0,1.0,1.0,1.0,1.0,1.0,1.0,321.0,321.0,321.0,321.0,321.0,321.0,321.0,321.0,0,0,0,0,10,10
fecff171-920d-3e7a-8cf9-da97b03a0db7,0,27.77,162.8,73.6,13.0,,78.0,,,27.77,162.8,73.6,13.0,,78.0,,,1.0,1.0,1.0,1.0,,1.0,,,20.0,20.0,20.0,20.0,,20.0,,,0,1,1,1,5,5
ff61aa1d-f434-2cd9-09c5-9913ebb39973,0,14.34,125.8,22.7,15.0,,79.0,,,14.34,125.8,22.7,15.0,,79.0,,,1.0,1.0,1.0,1.0,,1.0,,,293.0,293.0,293.0,293.0,,293.0,,,0,1,1,1,5,5
ffd845c4-1d13-3a6b-8877-1b621fe761f0,0,24.715,164.2,66.65,12.5,,96.5,,,25.02,164.3,67.5,13.0,,95.0,,,2.0,2.0,2.0,2.0,,2.0,,,20.0,20.0,20.0,20.0,,20.0,,,0,1,1,1,11,6
